tns_name,previous_name,repeater_name,ra_1,ra_1_err_low,ra_1_err_up,ra_2,ra_2_err_low,ra_2_err_up,ra_notes,dec_1,dec_1_err_low,dec_1_err_up,dec_2,dec_2_err_low,dec_2_err_up,dec_notes,gl,gb,exp_up,exp_up_err,exp_up_notes,exp_low,exp_low_err,exp_low_notes,bonsai_snr,bonsai_dm,low_ft_90,up_ft_90,low_ft_95,up_ft_95,snr_fitb,dm_fitb,dm_fitb_err,dm_exc_1_ne2001,dm_exc_2_ne2001,dm_exc_1_ymw16,dm_exc_2_ymw16,bc_width,scat_time,scat_time_err,flux,flux_err,flux_notes,fluence,fluence_err,fluence_notes,sub_num,mjd_400,mjd_400_err,mjd_inf,mjd_inf_err,width_fitb,width_fitb_err,sp_idx,sp_idx_err,sp_run,sp_run_err,high_freq,low_freq,peak_freq,chi_sq,dof,flag_frac,R_cc
FRB20201130A,-9999,FRB20201130A,64.388,0.012,0.012,-9999,-9999,-9999,-9999,7.941,0.014,0.014,-9999,-9999,-9999,-9999,185.42,-29.04,15,11,-9999,-9999,-9999,-9999,9.3,287.1,-9999,10.4,-9999,13.2,12.83,288.27,-9999,231.8,-9999,219.6,-9999,0.00688,<0.0060,-9999,0.70,0.53,-9999,2.9,1.6,-9999,0,59183.319023181610000,0.000000000000051,59183.3189367396,0.0000000010,0.00298,0.00036,16.6,5.2,-17.9,5.6,800.2,462.9,627.5,337877.662,336066,46.021,5.3e-18
FRB20191106C,-9999,FRB20191106C,199.577,0.013,0.013,-9999,-9999,-9999,-9999,43.0025,0.0088,0.0088,-9999,-9999,-9999,-9999,105.7,73.22,65.6,2.9,-9999,-9999,-9999,-9999,9.36,331.6,-9999,1.9,-9999,2.4,19.83,333.057,0.027,308.0,-9999,312.5,-9999,0.01081,<0.010,-9999,0.177,0.056,-9999,1.48,0.26,-9999,0,58793.76042828448000,0.00000000000027,58793.76032854040000,0.00000000000032,0.00512,0.00045,10.5,2.3,-10.9,2.5,800.2,435.6,618.5,493027.006,500853,46.368,3.1e-13
FRB20200619A,-9999,FRB20200619A,272.57,0.12,0.12,-9999,-9999,-9999,-9999,55.558,0.058,0.058,-9999,-9999,-9999,-9999,83.96,27.77,109.7,6.1,-9999,-9999,-9999,-9999,11.48,438.3,-9999,2.5,-9999,3.1,18.36,439.440,0.031,388.5,-9999,394.6,-9999,0.00492,0.00066,0.00013,0.29,0.12,-9999,0.678,0.093,-9999,0,59019.34046587,0.00000011,59019.34033410,0.00000011,0.00072,0.00020,30.9,6.1,-158,29,498.1,400.2,441.4,352956.034,353963,43.146,4.3e-11
FRB20190804E,-9999,FRB20190804E,261.343,0.017,0.017,-9999,-9999,-9999,-9999,55.0689,0.0083,0.0083,-9999,-9999,-9999,-9999,82.89,34.11,93.7,4.1,-9999,-9999,-9999,-9999,33.61,360.7,-9999,1.9,-9999,2.3,90.49,362.68,-9999,319.3,-9999,326.1,-9999,0.02949,<0.0029,-9999,1.02,0.25,-9999,4.87,0.99,-9999,0,58699.192146107190000,0.000000000000046,58699.1920373523,0.0000000013,0.00500,0.00035,42.8,5.5,-156,20,534.1,410.8,468.4,463513.055,460378,50.702,5.2e-11
FRB20190804E,-9999,FRB20190804E,261.343,0.017,0.017,-9999,-9999,-9999,-9999,55.0689,0.0083,0.0083,-9999,-9999,-9999,-9999,82.89,34.11,93.7,4.1,-9999,-9999,-9999,-9999,33.61,360.7,-9999,1.9,-9999,2.3,90.49,362.68,-9999,319.3,-9999,326.1,-9999,0.02949,<0.0029,-9999,1.02,0.25,-9999,4.87,0.99,-9999,1,58699.1921462400100000,0.0000000000000048,58699.1920374851,0.0000000013,0.001433,0.000030,50.7,1.8,-288,10,477.5,400.2,436.3,463513.055,460378,50.702,5.2e-11
FRB20190915D,-9999,FRB20190915D,11.782,0.027,0.027,-9999,-9999,-9999,-9999,46.862,0.016,0.016,-9999,-9999,-9999,-9999,122.17,-16.0,92.5,1.2,-9999,-9999,-9999,-9999,31.56,485.2,-9999,11.3,-9999,14.1,44.74,488.864,0.039,399.4,-9999,400.4,-9999,0.01573,0.00483,0.00079,2.56,0.98,-9999,32,10,-9999,0,58741.38516951298000,0.00000000000015,58741.38502292003000,0.00000000000020,0.00499,0.00043,8.09,0.77,-13.0,1.0,800.2,400.2,546.8,853445.286,852143,45.251,3e-10
FRB20200929C,-9999,FRB20200929C,17.041,0.017,0.017,-9999,-9999,-9999,-9999,18.474,0.015,0.015,-9999,-9999,-9999,-9999,128.47,-44.22,55.7,2.0,-9999,-9999,-9999,-9999,10.37,407.6,-9999,5.5,-9999,7.8,44.78,413.54,-9999,375.1,-9999,384.1,-9999,0.03441,<0.0088,-9999,0.60,0.31,-9999,8.7,2.8,-9999,0,59121.35512026311000,0.00000000000011,59121.3549962571,0.0000000014,0.00500,0.00047,80,13,-166,25,569.6,453.2,508.1,625525.241,623417,49.933,1e-09
FRB20200929C,-9999,FRB20200929C,17.041,0.017,0.017,-9999,-9999,-9999,-9999,18.474,0.015,0.015,-9999,-9999,-9999,-9999,128.47,-44.22,55.7,2.0,-9999,-9999,-9999,-9999,10.37,407.6,-9999,5.5,-9999,7.8,44.78,413.54,-9999,375.1,-9999,384.1,-9999,0.03441,<0.0088,-9999,0.60,0.31,-9999,8.7,2.8,-9999,1,59121.355120358494000,0.000000000000059,59121.3549963525,0.0000000014,0.00441,0.00026,70.2,7.4,-190,22,547.5,428.9,484.6,625525.241,623417,49.933,1e-09
FRB20201221B,-9999,FRB20201221B,124.199,0.026,0.026,-9999,-9999,-9999,-9999,48.781,0.017,0.017,-9999,-9999,-9999,-9999,170.55,33.81,90.3,1.6,-9999,-9999,-9999,-9999,10.34,509.9,-9999,3.4,-9999,4.6,11.71,510.37,-9999,459.5,-9999,464.4,-9999,0.00295,<0.0026,-9999,0.38,0.22,-9999,0.91,0.39,-9999,0,59204.424753173,0.000000013,59204.424600131,0.000000013,0.00132,0.00016,37.0,9.4,-144,36,535.7,400.2,451.3,374535.458,374180,39.899,8.3e-07
FRB20200809E,-9999,FRB20200809E,19.96,0.10,0.10,-9999,-9999,-9999,-9999,82.892,0.016,0.016,-9999,-9999,-9999,-9999,123.86,20.07,509.8,2.4,-9999,410,26,-9999,21.19,1698.4,6.1,2.5,7.3,3.1,30.93,1702.89,-9999,1629.2,-9999,1619.7,-9999,0.01081,<0.0059,-9999,1.22,0.77,-9999,7.0,3.8,-9999,0,59070.492372133485000,0.000000000000020,59070.4918614970,0.0000000059,0.00293,0.00014,0.2,3.0,-96,28,466.5,400.2,400.2,347919.301,348036,44.098,2.8e-06
FRB20190609C,-9999,FRB20190609C,73.324,0.012,0.012,-9999,-9999,-9999,-9999,24.0678,0.0065,0.0065,-9999,-9999,-9999,-9999,177.36,-12.39,71.95,0.43,-9999,-9999,-9999,-9999,10.96,480.4,-9999,2.1,-9999,2.6,17.1,480.282,0.096,366.9,-9999,326.7,-9999,0.00393,<0.0041,-9999,0.64,0.21,-9999,1.91,0.43,-9999,0,58643.818858236170000,0.000000000000058,58643.81871421661000,0.00000000000034,0.00207,0.00025,15.2,5.4,-138,36,481.3,400.2,422.9,323294.49,324438,47.888,4.8e-06
FRB20190226B,-9999,FRB20190226B,273.62,0.35,0.17,270.25,0.24,0.38,-9999,61.67,0.14,0.41,61.93,0.41,0.15,-9999,0.0,0.0,85,52,-9999,-9999,-9999,-9999,9.17,630.8,-9999,1.1,-9999,1.9,13.17,631.603,0.032,580.9,583.1,586.1,588.7,0.01081,<0.0080,-9999,0.38,0.19,-9999,2.38,0.70,-9999,0,58540.65834582264000,0.00000000000015,58540.65815604040000,0.00000000000022,0.00400,0.00045,29.9,6.9,-39.3,8.9,706.4,474.3,578.8,467683.775,468078,49.878,8.7e-06
FRB20200223B,-9999,FRB20200223B,8.2653,0.0076,0.0076,-9999,-9999,-9999,-9999,28.8310,0.0073,0.0073,-9999,-9999,-9999,-9999,118.08,-33.87,51.7,1.9,-9999,-9999,-9999,-9999,9.24,203.8,-9999,7.6,-9999,8.7,16.22,202.2681,0.0066,156.7,-9999,165.2,-9999,0.00393,<0.0027,-9999,0.54,0.23,-9999,1.06,0.36,-9999,0,58902.92943270689,0.00000000062,58902.92937205386,0.00000000062,0.00134,0.00012,22.7,8.4,-17.9,7.5,800.2,527.2,754.9,354151.981,360310,42.126,4.1e-05
FRB20200202A,-9999,FRB20200202A,25.928,0.016,0.016,-9999,-9999,-9999,-9999,44.2900,0.0074,0.0074,-9999,-9999,-9999,-9999,132.71,-17.59,62.1,5.5,-9999,-9999,-9999,-9999,16.16,731.1,-9999,6.1,-9999,7.7,25.39,722.279,0.074,639.0,-9999,638.2,-9999,0.03736,<0.030,-9999,0.28,0.19,-9999,5.7,2.8,-9999,0,58881.03565569521000,0.00000000000036,58881.03543910914600,0.00000000000044,0.01487,0.00084,17.0,1.8,-31.9,3.0,675.5,400.2,515.8,1398784.544,1398489,35.822,0.00028
FRB20190430C,-9999,FRB20190430C,277.2097,0.0093,0.0093,-9999,-9999,-9999,-9999,24.7699,0.0092,0.0092,-9999,-9999,-9999,-9999,53.11,15.7,29.4,7.0,-9999,-9999,-9999,-9999,22.54,399.5,-9999,11.5,-9999,13.3,32.21,400.561,0.011,301.0,-9999,316.9,-9999,0.00295,<0.0018,-9999,5.8,2.0,-9999,15.2,5.2,-9999,0,58603.495727319230000,0.000000000000030,58603.495607205270000,0.000000000000049,0.000893,0.000095,48.7,5.1,-48.8,5.1,800.2,527.8,655.2,297460.588,295102,52.6,0.00047
FRB20200420A,-9999,FRB20200420A,7.574,0.020,0.039,-9999,-9999,-9999,-9999,37.264,0.055,0.039,-9999,-9999,-9999,-9999,118.28,-25.42,55,29,-9999,-9999,-9999,-9999,17.66,676.1,-9999,0.7,-9999,1.2,33.12,672.48,-9999,614.5,-9999,622.6,-9999,0.01573,<0.0019,-9999,0.58,0.20,-9999,2.02,0.44,-9999,0,58959.774910447340000,0.000000000000026,58959.7747087944,0.0000000023,0.00301,0.00018,59.2,7.4,-130,16,572.4,438.9,501.2,356066.078,354035,43.134,0.0011
FRB20200420A,-9999,FRB20200420A,7.574,0.020,0.039,-9999,-9999,-9999,-9999,37.264,0.055,0.039,-9999,-9999,-9999,-9999,118.28,-25.42,55,29,-9999,-9999,-9999,-9999,17.66,676.1,-9999,0.7,-9999,1.2,33.12,672.48,-9999,614.5,-9999,622.6,-9999,0.01573,<0.0019,-9999,0.58,0.20,-9999,2.02,0.44,-9999,1,58959.774910564025000,0.000000000000018,58959.7747089111,0.0000000023,0.000944,0.000065,34.8,4.8,-167,22,498.0,402.4,447.7,356066.078,354035,43.134,0.0011
FRB20200127B,-9999,FRB20200127B,119.20,0.11,0.11,-9999,-9999,-9999,-9999,86.6087,0.0077,0.0077,-9999,-9999,-9999,-9999,126.62,28.03,154,13,-9999,951,18,-9999,26.61,351.0,5.3,3.7,6.4,4.4,30.56,351.27,-9999,297.3,-9999,300.6,-9999,0.00197,<0.0012,-9999,5.6,2.1,-9999,7.7,2.8,-9999,0,58875.8337259275940000,0.0000000000000097,58875.8336205942,0.0000000012,0.000609,0.000029,6.25,0.94,-17.2,1.9,652.7,400.2,436.8,360953.292,361222,41.98,0.017
FRB20201114A,-9999,FRB20201114A,221.586,0.082,0.082,-9999,-9999,-9999,-9999,71.789,0.027,0.027,-9999,-9999,-9999,-9999,111.15,42.61,135,27,-9999,83,17,-9999,11.71,322.7,66.3,6.8,79.6,8.3,24.25,320.792,0.034,282.9,-9999,290.0,-9999,0.01868,<0.0021,-9999,0.72,0.51,-9999,4.7,2.2,-9999,0,59167.799975531680000,0.000000000000091,59167.79987933744000,0.00000000000015,0.00193,0.00025,58,14,-55,13,800.2,545.1,670.9,531400.779,530654,43.176,0.018
FRB20201114A,-9999,FRB20201114A,221.586,0.082,0.082,-9999,-9999,-9999,-9999,71.789,0.027,0.027,-9999,-9999,-9999,-9999,111.15,42.61,135,27,-9999,83,17,-9999,11.71,322.7,66.3,6.8,79.6,8.3,24.25,320.792,0.034,282.9,-9999,290.0,-9999,0.01868,<0.0021,-9999,0.72,0.51,-9999,4.7,2.2,-9999,1,59167.799975599170000,0.000000000000091,59167.79987940493000,0.00000000000015,0.00121,0.00027,60,13,-61,13,784.9,531.9,646.1,531400.779,530654,43.176,0.018
FRB20201114A,-9999,FRB20201114A,221.586,0.082,0.082,-9999,-9999,-9999,-9999,71.789,0.027,0.027,-9999,-9999,-9999,-9999,111.15,42.61,135,27,-9999,83,17,-9999,11.71,322.7,66.3,6.8,79.6,8.3,24.25,320.792,0.034,282.9,-9999,290.0,-9999,0.01868,<0.0021,-9999,0.72,0.51,-9999,4.7,2.2,-9999,2,59167.799975662930000,0.000000000000089,59167.79987946869000,0.00000000000015,0.00104,0.00031,56,16,-65,19,719.1,507.7,604.3,531400.779,530654,43.176,0.018
FRB20190110C,-9999,FRB20190110C,249.325,0.011,0.011,-9999,-9999,-9999,-9999,41.4450,0.0093,0.0093,-9999,-9999,-9999,-9999,65.58,42.09,45,11,-9999,-9999,-9999,-9999,15.58,221.6,-9999,1.2,-9999,1.4,27.76,221.921,0.010,184.9,-9999,192.0,-9999,0.00295,<0.0015,-9999,0.64,0.39,-9999,1.40,0.76,-9999,0,58493.7,0.0,58493.716334154320000,0.000000000000036,0.000752,0.000038,28.2,4.2,-202,27,477.7,400.2,427.4,283435.026,283018,54.541,0.021
FRB20200118D,-9999,FRB20200118D,106.909,0.012,0.012,-9999,-9999,-9999,-9999,42.8374,0.0095,0.0095,-9999,-9999,-9999,-9999,174.45,20.86,71.8,4.9,-9999,-9999,-9999,-9999,19.45,624.4,-9999,1.2,-9999,1.4,27.64,625.569,0.027,548.9,-9999,534.0,-9999,0.00885,0.00102,0.00010,0.118,0.055,-9999,0.80,0.20,-9999,0,58866.30273105,0.00000014,58866.30254347,0.00000014,0.00085,0.00018,6.7,2.4,-65,12,509.2,400.2,421.6,381274.816,381741,38.684,0.038
FRB20181226F,-9999,FRB20181226F,95.87,0.31,0.23,-9999,-9999,-9999,-9999,83.80,0.16,0.47,-9999,-9999,-9999,-9999,129.79,26.21,390,190,-9999,380,220,-9999,24.81,237.8,10.6,4.8,16.3,7.0,38.22,236.42,-9999,178.7,-9999,179.9,-9999,0.00492,0.00343,0.00033,3.0,1.7,-9999,11.3,6.1,-9999,0,58478.327656923764000,0.000000000000020,58478.32758602977,0.00000000082,0.000444,0.000076,3.29,0.75,-5.73,0.94,800.2,400.2,533.4,463029.409,461351,50.598,0.049
FRB20191013D,-9999,FRB20191013D,40.418,0.019,0.019,-9999,-9999,-9999,-9999,13.626,0.026,0.026,-9999,-9999,-9999,-9999,159.66,-41.25,67.00,0.96,-9999,-9999,-9999,-9999,13.78,530.5,-9999,8.9,-9999,11.3,19.61,524.042,0.034,481.0,-9999,488.2,-9999,0.01475,<0.0096,-9999,1.08,0.71,-9999,7.2,4.0,-9999,0,58769.38854083809000,0.00000000000013,58769.38838369630000,0.00000000000017,0.00479,0.00052,34.5,6.8,-32.6,6.4,800.2,521.5,676.9,525098.799,521829,44.122,0.051
FRB20191114A,-9999,FRB20191114A,273.574,0.031,0.031,-9999,-9999,-9999,-9999,19.799,0.038,0.038,-9999,-9999,-9999,-9999,46.97,16.83,61.1,4.5,-9999,-9999,-9999,-9999,11.2,549.9,-9999,2.1,-9999,2.7,15.63,552.279,0.066,454.2,-9999,472.7,-9999,0.01278,<0.0087,-9999,1.2,1.0,-9999,3.4,1.5,-9999,0,58801.94613519427400,0.00000000000023,58801.94596958521000,0.00000000000033,0.00435,0.00045,41.5,8.8,-140,29,527.4,408.1,464.0,443925.431,453087,51.483,0.066
FRB20190113A,-9999,FRB20190113A,108.26,0.26,0.29,106.56,0.80,0.78,-9999,-2.98,0.52,0.51,-3.01,0.56,0.54,-9999,0.0,0.0,40,25,-9999,-9999,-9999,-9999,10.93,430.3,-9999,5.0,-9999,8.3,12.55,428.924,0.012,251.0,242.3,178.1,154.2,0.00688,<0.0036,-9999,1.10,0.97,-9999,5.7,4.0,-9999,0,58496.31981280796000,0.00000000000033,58496.31968418897000,0.00000000000033,0.00182,0.00021,7.3,6.4,-2.8,6.0,800.2,491.9,800.2,288553.329,287540,53.815,0.13
FRB20200913C,-9999,FRB20200913C,269.027,0.064,0.064,-9999,-9999,-9999,-9999,65.805,0.031,0.031,-9999,-9999,-9999,-9999,95.51,30.21,156.5,3.3,-9999,-9999,-9999,-9999,17.19,577.4,-9999,1.8,-9999,2.2,24.15,577.3779,0.0039,529.5,-9999,534.9,-9999,0.00098,<0.0011,-9999,0.70,0.37,-9999,0.54,0.25,-9999,0,59105.095230931690000,0.000000000000020,59105.095057796480000,0.000000000000024,0.000540,0.000032,31.9,3.5,-84.6,9.2,568.7,406.5,480.8,305588.37,304070,51.16,0.18
FRB20200926A,-9999,FRB20200926A,283.28,0.20,0.18,-9999,-9999,-9999,-9999,53.95,0.31,0.30,-9999,-9999,-9999,-9999,83.73,21.4,67,43,-9999,-9999,-9999,-9999,11.22,760.2,-9999,0.5,-9999,0.9,20.29,758.297,0.058,694.5,-9999,698.9,-9999,0.01573,<0.0031,-9999,0.24,0.15,-9999,2.2,1.1,-9999,0,59118.103186883990000,0.000000000000054,59118.102959536554000,0.000000000000090,0.00156,0.00025,61,10,-215,36,508.2,416.0,459.8,490711.672,490132,47.516,0.22
FRB20200926A,-9999,FRB20200926A,283.28,0.20,0.18,-9999,-9999,-9999,-9999,53.95,0.31,0.30,-9999,-9999,-9999,-9999,83.73,21.4,67,43,-9999,-9999,-9999,-9999,11.22,760.2,-9999,0.5,-9999,0.9,20.29,758.297,0.058,694.5,-9999,698.9,-9999,0.01573,<0.0031,-9999,0.24,0.15,-9999,2.2,1.1,-9999,1,59118.10318698609000,0.00000000000013,59118.10295963865000,0.00000000000015,0.00197,0.00035,32,10,-206,60,470.2,400.2,427.5,490711.672,490132,47.516,0.22
FRB20180910A,-9999,FRB20180910A,354.83,0.87,0.87,-9999,-9999,-9999,-9999,89.014,0.011,0.011,-9999,-9999,-9999,-9999,122.59,26.19,3910,270,-9999,4335,26,-9999,36.65,684.2,30.7,19.1,38.0,24.3,50.38,684.4081,0.0012,628.3,-9999,629.7,-9999,0.00098,0.000244,0.000029,6.5,3.2,-9999,5.6,3.0,-9999,0,58371.337577180726000,0.000000000000029,58371.337371950960000,0.000000000000029,0.000205,0.000029,0.05,0.53,-0.53,0.63,800.2,400.2,417.6,135823.872,134076,56.927,0.43
FRB20190303D,-9999,FRB20190303D,185.339,0.067,0.067,-9999,-9999,-9999,-9999,70.691,0.024,0.024,-9999,-9999,-9999,-9999,126.52,46.23,55,44,-9999,141.7,2.7,-9999,9.78,710.1,16.7,2.8,21.2,3.4,11.16,711.151,0.014,674.5,-9999,682.5,-9999,0.00295,<0.0016,-9999,0.59,0.35,-9999,1.17,0.67,-9999,0,58545.39157110989600,0.00000000000025,58545.39135784059000,0.00000000000028,0.00081,0.00010,-0.9,2.2,-5.6,4.8,564.8,400.2,440.8,328339.172,328732,47.198,0.62
FRB20181201D,-9999,FRB20181201D,266.9,1.0,1.0,-9999,-9999,-9999,-9999,89.125,0.013,0.013,-9999,-9999,-9999,-9999,121.98,27.37,3590,290,-9999,4359,14,-9999,16.2,448.0,4.2,2.7,5.0,3.3,16.8,448.266,0.014,394.5,-9999,397.4,-9999,0.00197,0.000168,0.000044,0.56,0.47,-9999,1.4,1.1,-9999,0,58453.7477849844,0.0000000015,58453.7476505652,0.0000000015,0.00022,0.00018,5.6,3.6,-56,15,515.3,400.2,420.7,147096.312,146673,52.881,0.64
FRB20190328C,-9999,FRB20190328C,75.649,0.37,0.095,-9999,-9999,-9999,-9999,82.11,0.19,0.24,-9999,-9999,-9999,-9999,130.57,23.32,310,160,-9999,290,160,-9999,18.25,470.7,5.7,1.8,8.5,2.8,21.65,472.8607,0.0075,408.8,-9999,406.4,-9999,0.00393,0.00230,0.00034,4.7,2.3,-9999,14.9,7.1,-9999,0,58570.51750613305000,0.00000000000011,58570.51736433885500,0.00000000000011,0.00077,0.00014,0.7,1.2,-2.7,1.5,800.2,400.2,459.0,500293.147,499256,46.539,0.71
FRB20191105B,-9999,FRB20191105B,84.106,0.059,0.059,-9999,-9999,-9999,-9999,72.519,0.017,0.017,-9999,-9999,-9999,-9999,140.6,20.42,163,15,-9999,160.6,0.0,"The best-known sky position of this source falls in between the FWHMs at 600 MHz of the synthesized beams. We report the exposure at the beam centre of the nearest beam, and hence the exposure error is zero.",18.34,318.6,51.1,3.1,64.5,3.8,21.03,318.6134,0.0033,245.1,-9999,234.9,-9999,0.00197,<0.0014,-9999,1.89,0.95,-9999,2.7,1.3,-9999,0,58792.444509198710000,0.000000000000066,58792.444413657824000,0.000000000000067,0.000708,0.000048,0.10,0.95,-0.1,1.3,800.2,400.2,504.3,332745.324,339144,45.526,0.73
FRB20190107B,-9999,FRB20190107B,49.31,0.11,1.2,22.37,0.80,0.27,-9999,83.40,0.72,0.13,83.370,0.39,0.079,-9999,0.0,0.0,360,190,-9999,330,200,-9999,20.62,166.6,0.4,0.2,0.6,0.3,26.84,166.0939,0.0030,98.2,93.7,93.0,85.2,0.00098,<0.00090,-9999,2.8,1.7,-9999,4.3,2.5,-9999,0,58490.14044361734000,0.00000000000011,58490.14039381166000,0.00000000000011,0.000451,0.000024,-1.30,0.86,-3.1,1.6,784.4,400.2,400.2,126924.469,122525,60.638,0.78
FRB20200320A,-9999,FRB20200320A,42.451,0.041,0.016,-9999,-9999,-9999,-9999,15.844,0.055,0.067,-9999,-9999,-9999,-9999,160.2,-38.32,59,11,-9999,-9999,-9999,-9999,81.86,592.0,-9999,8.7,-9999,11.0,284.81,594.9314,0.0023,549.3,-9999,555.8,-9999,0.0059,0.002461,0.000032,19.0,6.6,-9999,114,37,-9999,0,58928.9545053710500000,0.0000000000000059,58928.954326972180000,0.000000000000010,0.001186,0.000023,3.553,0.089,-10.37,0.15,760.8,400.2,474.9,561972.98,517268,44.611,0.92
FRB20190210C,-9999,FRB20190210C,313.90,0.26,0.13,-9999,-9999,-9999,-9999,89.19,0.47,0.21,-9999,-9999,-9999,-9999,122.16,26.71,3400,1200,-9999,3090,960,-9999,19.69,642.1,2.6,1.7,3.4,2.2,27.31,643.3669,0.0025,589.5,-9999,592.2,-9999,0.00197,0.000250,0.000043,2.37,0.81,-9999,3.6,1.2,-9999,0,58524.25258585202000,0.00000000000014,58524.25239292905000,0.00000000000014,0.000286,0.000051,0.35,0.83,-1.5,1.1,800.2,400.2,448.5,310287.093,310719,50.092,1.05
FRB20190812A,-9999,FRB20190812A,268.05,0.11,0.22,-9999,-9999,-9999,-9999,50.707,0.024,0.024,-9999,-9999,-9999,-9999,78.06,29.8,81,26,-9999,-9999,-9999,-9999,64.03,253.9,-9999,0.9,-9999,1.2,76.75,254.5239,0.0018,206.1,-9999,213.3,-9999,0.00295,0.000494,0.000031,4.3,1.5,-9999,13.0,4.4,-9999,0,58707.1911567875700000,0.0000000000000069,58707.1910804648500000,0.0000000000000093,0.000601,0.000024,-0.57,0.27,-3.94,0.44,800.2,400.2,400.2,275872.598,271047,56.464,1.37
FRB20200828A,-9999,FRB20200828A,114.08,0.20,0.44,-9999,-9999,-9999,-9999,80.021,0.11,0.095,-9999,-9999,-9999,-9999,134.1,28.63,240,130,-9999,220,130,-9999,9.86,559.7,1.6,0.4,2.4,0.5,11.49,561.310,0.046,507.7,-9999,511.0,-9999,0.00885,<0.0062,-9999,0.59,0.33,-9999,3.4,1.3,-9999,0,59089.73891134559400,0.00000000000013,59089.73874302854500,0.00000000000021,0.00311,0.00057,3.3,1.9,-5.4,2.7,800.2,400.2,534.7,487495.205,486204,47.937,1.6
FRB20190905A,-9999,FRB20190905A,73.271,0.029,0.059,-9999,-9999,-9999,-9999,88.236,0.055,0.071,-9999,-9999,-9999,-9999,124.64,26.25,5400,980,-9999,3900,1300,-9999,9.7,253.9,0.6,0.4,0.8,0.6,16.48,254.111,0.020,197.0,-9999,198.7,-9999,0.00393,<0.0023,-9999,0.37,0.28,-9999,1.79,0.68,-9999,0,58731.384191504220000,0.000000000000041,58731.384115305240000,0.000000000000082,0.00113,0.00016,26.3,4.7,-58.9,9.8,613.3,413.6,503.7,286915.779,287198,53.87,2.21
FRB20190127B,-9999,FRB20190127B,169.263,0.082,0.059,-9999,-9999,-9999,-9999,83.506,0.083,0.083,-9999,-9999,-9999,-9999,126.03,33.05,350,190,-9999,360,200,-9999,11.51,666.4,0.3,0.1,0.4,0.1,18.79,663.028,0.048,615.4,-9999,621.2,-9999,0.06783,0.0428,0.0066,0.63,0.54,-9999,11.4,5.8,-9999,0,58510.39121647182000,0.00000000000020,58510.39101765327000,0.00000000000026,0.0025,0.0011,5.3,1.8,-7.7,2.2,800.2,400.2,562.2,3054647.692,3054187,48.505,2.67
FRB20210323C,-9999,FRB20210323C,122.07,0.38,0.11,-9999,-9999,-9999,-9999,72.35,0.14,0.39,-9999,-9999,-9999,-9999,142.57,31.55,135,78,-9999,108,60,-9999,11.52,288.3,31.8,3.6,53.5,6.0,18.85,288.48,-9999,238.0,-9999,243.1,-9999,0.00197,<0.0016,-9999,0.80,0.41,-9999,2.32,0.71,-9999,0,59296.163551160730000,0.000000000000016,59296.1634646558,0.0000000010,0.000825,0.000070,24.7,3.6,-51.2,7.1,609.6,412.4,501.4,310638.609,310112,50.189,2.99
FRB20180909A,-9999,FRB20180909A,120.04,0.17,0.30,-9999,-9999,-9999,-9999,57.004,0.071,0.059,-9999,-9999,-9999,-9999,160.63,31.71,75,45,-9999,-9999,-9999,-9999,11.03,407.6,-9999,0.1,-9999,0.1,13.86,408.647,0.080,356.2,-9999,360.1,-9999,0.01573,<0.013,-9999,0.43,0.24,-9999,0.90,0.50,-9999,0,58370.70598114899600,0.00000000000021,58370.70585861017000,0.00000000000035,0.00631,0.00093,-0.3,1.4,-1.3,2.2,800.2,400.2,400.2,256401.455,256250,0.441,3.93
FRB20200508H,-9999,FRB20200508H,54.60,0.27,0.49,-9999,-9999,-9999,-9999,88.04,0.38,0.32,-9999,-9999,-9999,-9999,124.38,25.66,1300,540,-9999,1400,380,-9999,8.63,472.3,1.1,0.8,1.5,1.1,11.33,472.336,0.074,414.2,-9999,415.5,-9999,0.00688,<0.0079,-9999,0.39,0.27,-9999,0.93,0.42,-9999,0,58977.01603027418000,0.00000000000019,58977.01588863729000,0.00000000000032,0.00393,0.00050,9.9,3.8,-40,13,558.6,400.2,419.9,-9999,-9999,-9999,3.95
FRB20201016A,-9999,FRB20180909A,120.04,0.17,0.30,-9999,-9999,-9999,-9999,57.004,0.071,0.059,-9999,-9999,-9999,-9999,160.63,31.71,75,45,-9999,-9999,-9999,-9999,8.96,418.9,-9999,0.1,-9999,0.1,14.65,420.979,0.040,368.5,-9999,372.5,-9999,0.0059,0.00036,0.00010,0.34,0.21,-9999,0.80,0.39,-9999,0,59138.617793344805000,0.000000000000051,59138.61766710816000,0.00000000000015,0.00035,0.00025,11.7,6.3,-125,43,480.4,400.2,419.3,340251.087,340587,45.294,3.93
FRB20190925C,-9999,FRB20180910A,354.83,0.87,0.87,-9999,-9999,-9999,-9999,89.014,0.011,0.011,-9999,-9999,-9999,-9999,122.59,26.19,3910,270,-9999,4335,26,-9999,23.81,690.7,30.7,19.1,38.0,24.3,48.22,689.98,-9999,633.8,-9999,635.2,-9999,0.00492,<0.0031,-9999,2.1,1.0,-9999,9.1,4.1,-9999,0,58751.217106731330000,0.000000000000011,58751.2168998307,0.0000000024,0.001555,0.000056,45.8,2.6,-76.3,4.2,631.5,449.9,533.0,292442.792,289706,53.467,0.43
FRB20200621D,-9999,FRB20180910A,354.83,0.87,0.87,-9999,-9999,-9999,-9999,89.014,0.011,0.011,-9999,-9999,-9999,-9999,122.59,26.19,3910,270,-9999,4335,26,-9999,29.97,695.5,30.7,19.1,38.0,24.3,23.2,696.53,-9999,640.4,-9999,641.8,-9999,0.0118,<0.010,-9999,6.0,2.9,-9999,38,16,-9999,0,59021.048010587610000,0.000000000000053,59021.0478017229,0.0000000024,0.00500,0.00037,6.9,1.5,-13.4,2.4,800.2,400.2,566.6,509791.178,504843,45.941,0.43
FRB20201224A,-9999,FRB20181201D,266.9,1.0,1.0,-9999,-9999,-9999,-9999,89.125,0.013,0.013,-9999,-9999,-9999,-9999,121.98,27.37,3590,290,-9999,4359,14,-9999,34.44,443.6,4.2,2.7,5.0,3.3,39.42,443.7323,0.0023,390.0,-9999,392.9,-9999,0.00197,<0.0020,-9999,2.9,1.3,-9999,7.5,3.2,-9999,0,59207.8578833363060000,0.0000000000000073,59207.8577502808840000,0.0000000000000085,0.000989,0.000038,1.85,0.57,-1.74,0.71,800.2,400.2,605.4,339633.282,337624,45.77,0.64
FRB20190201A,-9999,FRB20181226F,95.87,0.31,0.23,-9999,-9999,-9999,-9999,83.80,0.16,0.47,-9999,-9999,-9999,-9999,129.79,26.21,390,190,-9999,380,220,-9999,11.04,241.0,10.6,4.8,16.3,7.0,15.44,242.0038,0.0040,184.2,-9999,185.5,-9999,0.00098,<0.0012,-9999,2.6,1.6,-9999,3.1,1.6,-9999,0,58515.65014995153000,0.00000000000012,58515.65007739735000,0.00000000000012,0.000608,0.000056,0.1,1.3,-0.2,1.8,789.0,400.2,464.9,297111.527,298446,52.063,0.049
FRB20201111A,-9999,FRB20181226F,95.87,0.31,0.23,-9999,-9999,-9999,-9999,83.80,0.16,0.47,-9999,-9999,-9999,-9999,129.79,26.21,390,190,-9999,380,220,-9999,9.73,241.4,10.6,4.8,16.3,7.0,13.57,241.7700,0.0040,184.0,-9999,185.3,-9999,0.00197,<0.0010,-9999,0.99,0.63,-9999,1.8,1.0,-9999,0,59164.903167349690000,0.000000000000028,59164.903094851430000,0.000000000000032,0.000511,0.000053,4.6,1.9,-8.1,2.7,800.2,400.2,489.2,164183.678,163622,47.437,0.049
FRB20190308B,-9999,FRB20190107B,49.31,0.11,1.2,22.37,0.80,0.27,-9999,83.40,0.72,0.13,83.370,0.39,0.079,-9999,0.0,0.0,360,190,-9999,330,200,-9999,10.35,179.5,0.4,0.2,0.6,0.3,21.76,180.1800,0.0070,112.3,107.8,107.1,99.3,0.00197,0.000134,0.000040,1.11,0.87,-9999,1.39,0.85,-9999,0,58550.466994600080000,0.000000000000017,58550.466940570480000,0.000000000000030,0.000186,0.000086,18.6,2.9,-52.9,7.6,587.9,400.2,477.2,315726.411,316148,49.219,0.78
FRB20190308B,-9999,FRB20190107B,49.31,0.11,1.2,22.37,0.80,0.27,-9999,83.40,0.72,0.13,83.370,0.39,0.079,-9999,0.0,0.0,360,190,-9999,330,200,-9999,10.35,179.5,0.4,0.2,0.6,0.3,21.76,180.1800,0.0070,112.3,107.8,107.1,99.3,0.00197,0.000134,0.000040,1.11,0.87,-9999,1.39,0.85,-9999,1,58550.466994632916000,0.000000000000050,58550.466940603310000,0.000000000000056,0.00052,0.00032,9.5,7.5,-37,23,585.3,400.2,455.5,315726.411,316148,49.219,0.78
FRB20191107C,-9999,FRB20190110C,249.325,0.011,0.011,-9999,-9999,-9999,-9999,41.4450,0.0093,0.0093,-9999,-9999,-9999,-9999,65.58,42.09,45,11,-9999,-9999,-9999,-9999,24.65,221.6,-9999,1.2,-9999,1.4,44.41,222.1,-9999,185.1,-9999,192.1,-9999,0.00393,<0.0022,-9999,0.60,0.20,-9999,2.78,0.59,-9999,0,58794.894415409560000,0.000000000000043,58794.89434880963,0.00000000077,0.00153,0.00026,36,11,-103,30,541.1,406.2,468.8,300091.809,302659,51.385,0.021
FRB20191107C,-9999,FRB20190110C,249.325,0.011,0.011,-9999,-9999,-9999,-9999,41.4450,0.0093,0.0093,-9999,-9999,-9999,-9999,65.58,42.09,45,11,-9999,-9999,-9999,-9999,24.65,221.6,-9999,1.2,-9999,1.4,44.41,222.1,-9999,185.1,-9999,192.1,-9999,0.00393,<0.0022,-9999,0.60,0.20,-9999,2.78,0.59,-9999,1,58794.8944155054800000,0.0000000000000083,58794.89434890555,0.00000000077,0.001078,0.000043,46.5,3.1,-246,16,484.8,400.2,439.5,300091.809,302659,51.385,0.021
FRB20210322F,-9999,FRB20190110C,249.325,0.011,0.011,-9999,-9999,-9999,-9999,41.4450,0.0093,0.0093,-9999,-9999,-9999,-9999,65.58,42.09,45,11,-9999,-9999,-9999,-9999,9.72,222.8,-9999,1.2,-9999,1.4,13.93,222.7,-9999,185.7,-9999,192.7,-9999,0.0059,0.00107,0.00025,0.227,0.095,-9999,1.25,0.27,-9999,0,59295.526521769745000,0.000000000000044,59295.52645498989,0.00000000077,0.00088,0.00030,23.7,6.3,-129,29,501.3,400.2,438.6,326803.784,328237,47.278,0.021
FRB20200321G,-9999,FRB20190113A,108.26,0.26,0.29,106.56,0.80,0.78,-9999,-2.98,0.52,0.51,-3.01,0.56,0.54,-9999,0.0,0.0,40,25,-9999,-9999,-9999,-9999,9.94,423.8,-9999,5.0,-9999,8.3,18.48,426.40,0.12,248.5,239.7,175.5,151.7,0.00688,<0.0061,-9999,1.8,1.2,-9999,9.4,4.5,-9999,0,58929.13720653414000,0.00000000000020,58929.13707867249000,0.00000000000046,0.00303,0.00045,35.2,6.4,-62,10,645.6,438.8,532.3,340369.167,339904,45.404,0.13
FRB20200429B,-9999,FRB20190127B,169.263,0.082,0.059,-9999,-9999,-9999,-9999,83.506,0.083,0.083,-9999,-9999,-9999,-9999,126.03,33.05,350,190,-9999,360,200,-9999,36.31,677.7,0.3,0.1,0.4,0.1,43.47,678.3973,0.0027,630.8,-9999,636.6,-9999,0.00295,0.000178,0.000038,3.9,1.7,-9999,9.9,3.5,-9999,0,58968.629233226390000,0.000000000000014,58968.629029799030000,0.000000000000017,0.00117550,0.00000058,-2.19,0.49,4.41,0.60,800.2,400.2,800.2,318269.577,313987,49.567,2.67
FRB20210316B,-9999,FRB20190210C,313.90,0.26,0.13,-9999,-9999,-9999,-9999,89.19,0.47,0.21,-9999,-9999,-9999,-9999,122.16,26.71,3400,1200,-9999,3090,960,-9999,10.57,641.7,2.6,1.7,3.4,2.2,16.84,642.367,0.064,588.5,-9999,591.2,-9999,0.00295,<0.0028,-9999,0.80,0.51,-9999,2.4,1.3,-9999,0,59289.41234670397000,0.00000000000013,59289.41215408083400,0.00000000000026,0.00139,0.00023,35.0,6.0,-44.7,7.4,726.6,472.1,585.7,311549.755,310416,50.14,1.05
FRB20200118B,-9999,FRB20190226B,273.62,0.35,0.17,270.25,0.24,0.38,-9999,61.67,0.14,0.41,61.93,0.41,0.15,-9999,0.0,0.0,85,52,-9999,-9999,-9999,-9999,19.13,630.8,-9999,1.1,-9999,1.9,29.3,632.6728,0.0089,582.0,584.2,587.2,589.7,0.00492,0.00125,0.00020,0.81,0.55,-9999,2.8,1.9,-9999,0,58866.762772139140000,0.000000000000049,58866.762582422960000,0.000000000000058,0.00097,0.00011,41.5,4.1,-62.6,5.7,675.7,460.4,557.8,383363.999,382159,38.617,8.7e-06
FRB20201004B,-9999,FRB20190226B,273.62,0.35,0.17,270.25,0.24,0.38,-9999,61.67,0.14,0.41,61.93,0.41,0.15,-9999,0.0,0.0,85,52,-9999,-9999,-9999,-9999,9.56,634.1,-9999,1.1,-9999,1.9,16.03,634.48,0.27,583.8,586.0,589.0,591.5,0.01966,<0.012,-9999,0.20,0.17,-9999,2.1,1.1,-9999,0,59126.05177562368000,0.00000000000041,59126.0515853658500,0.0000000000010,0.0059,0.0010,41.3,7.6,-86,16,593.3,432.4,506.6,658917.108,659066,47.07,8.7e-06
FRB20190804B,-9999,FRB20190303D,185.339,0.067,0.067,-9999,-9999,-9999,-9999,70.691,0.024,0.024,-9999,-9999,-9999,-9999,126.52,46.23,55,44,-9999,141.7,2.7,-9999,9.33,716.6,16.7,2.8,21.2,3.4,10.43,716.0068,0.0091,679.4,-9999,687.3,-9999,0.00197,<0.0015,-9999,1.8,1.2,-9999,1.13,0.69,-9999,0,58699.981256104955000,0.000000000000083,58699.981041399835000,0.000000000000088,0.00076,0.00010,14.5,4.0,-26.8,6.8,678.1,400.2,510.8,309957.19,308174,50.5,0.62
FRB20190918C,-9999,FRB20190328C,75.649,0.37,0.095,-9999,-9999,-9999,-9999,82.11,0.19,0.24,-9999,-9999,-9999,-9999,130.57,23.32,310,160,-9999,290,160,-9999,12.67,478.8,5.7,1.8,8.5,2.8,21.17,468.973,0.072,404.9,-9999,402.5,-9999,0.01966,0.0169,0.0021,0.92,0.55,-9999,12.9,5.3,-9999,0,58744.51307461523000,0.00000000000019,58744.51293398680000,0.00000000000032,0.00153,0.00086,37.0,6.4,-43.1,7.0,775.1,488.1,615.1,1280033.933,1282151,54.236,0.71
FRB20191024B,-9999,FRB20190430C,277.2097,0.0093,0.0093,-9999,-9999,-9999,-9999,24.7699,0.0092,0.0092,-9999,-9999,-9999,-9999,53.11,15.7,29.4,7.0,-9999,-9999,-9999,-9999,9.6,404.4,-9999,11.5,-9999,13.3,14.21,401.71,0.11,302.2,-9999,318.1,-9999,0.01278,<0.0068,-9999,1.9,1.2,-9999,10.1,3.9,-9999,0,58780.01624621452000,0.00000000000017,58780.01612575625000,0.00000000000041,0.00338,0.00062,41.0,8.3,-100,20,569.2,425.1,491.9,503116.602,504672,45.959,0.00047
FRB20201030B,-9999,FRB20190609C,73.324,0.012,0.012,-9999,-9999,-9999,-9999,24.0678,0.0065,0.0065,-9999,-9999,-9999,-9999,177.36,-12.39,71.95,0.43,-9999,-9999,-9999,-9999,46.66,479.2,-9999,2.1,-9999,2.6,70.7,479.9,-9999,366.5,-9999,326.3,-9999,0.00295,<0.0015,-9999,1.64,0.50,-9999,1.27,0.35,-9999,0,59152.4271443467800000,0.0000000000000042,59152.4270004418,0.0000000017,0.000749,0.000016,21.6,1.1,-114.4,5.5,499.6,400.2,434.2,327666.689,326072,47.626,4.8e-06
FRB20210113D,-9999,FRB20190609C,73.324,0.012,0.012,-9999,-9999,-9999,-9999,24.0678,0.0065,0.0065,-9999,-9999,-9999,-9999,177.36,-12.39,71.95,0.43,-9999,-9999,-9999,-9999,13.57,479.2,-9999,2.1,-9999,2.6,11.98,479.5959,0.0086,366.2,-9999,326.0,-9999,0.00295,<0.0010,-9999,3.3,1.5,-9999,4.7,1.4,-9999,0,59227.226237276640000,0.000000000000070,59227.226093462800000,0.000000000000076,0.000510,0.000046,43.2,7.6,-183,31,503.6,402.5,450.3,176817.716,176428,43.323,4.8e-06
FRB20200629C,-9999,FRB20190804E,261.343,0.017,0.017,-9999,-9999,-9999,-9999,55.0689,0.0083,0.0083,-9999,-9999,-9999,-9999,82.89,34.11,93.7,4.1,-9999,-9999,-9999,-9999,20.17,365.6,-9999,1.9,-9999,2.3,33.81,363.963,0.013,320.6,-9999,327.4,-9999,0.00786,<0.0048,-9999,0.45,0.17,-9999,2.59,0.61,-9999,0,59029.282886187430000,0.000000000000030,59029.282777047840000,0.000000000000055,0.00238,0.00012,31.8,2.8,-81.5,7.0,571.4,416.4,487.8,359631.817,359132,42.316,5.2e-11
FRB20200709C,-9999,FRB20190804E,261.343,0.017,0.017,-9999,-9999,-9999,-9999,55.0689,0.0083,0.0083,-9999,-9999,-9999,-9999,82.89,34.11,93.7,4.1,-9999,-9999,-9999,-9999,14.04,368.8,-9999,1.9,-9999,2.3,23.58,364.41,0.16,321.0,-9999,327.9,-9999,0.00983,<0.0092,-9999,0.26,0.10,-9999,1.35,0.20,-9999,0,59039.257220944884000,0.000000000000093,59039.25711167014000,0.00000000000056,0.00462,0.00035,17.4,3.7,-128,22,487.9,400.2,427.4,523937.706,523254,43.97,5.2e-11
FRB20201201B,-9999,FRB20190804E,261.343,0.017,0.017,-9999,-9999,-9999,-9999,55.0689,0.0083,0.0083,-9999,-9999,-9999,-9999,82.89,34.11,93.7,4.1,-9999,-9999,-9999,-9999,8.62,362.7,-9999,1.9,-9999,2.3,10.7,362.776,0.023,319.4,-9999,326.2,-9999,0.00197,<0.0024,-9999,0.28,0.25,-9999,0.51,0.51,-9999,0,59184.86068218027000,0.00000000000016,59184.86057339649000,0.00000000000018,0.00119,0.00016,19.8,6.0,-69,20,544.5,400.2,456.2,358923.022,358790,42.371,5.2e-11
FRB20201225B,-9999,FRB20190804E,261.343,0.017,0.017,-9999,-9999,-9999,-9999,55.0689,0.0083,0.0083,-9999,-9999,-9999,-9999,82.89,34.11,93.7,4.1,-9999,-9999,-9999,-9999,45.0,363.5,-9999,1.9,-9999,2.3,81.6,362.7,-9999,319.3,-9999,326.1,-9999,0.00197,<0.0020,-9999,1.20,0.32,-9999,4.83,0.75,-9999,0,59208.797071128090000,0.000000000000012,59208.7969623672,0.0000000013,0.001565,0.000066,16.6,1.6,-67.1,5.9,523.6,400.2,448.4,365754.36,363003,41.693,5.2e-11
FRB20201225B,-9999,FRB20190804E,261.343,0.017,0.017,-9999,-9999,-9999,-9999,55.0689,0.0083,0.0083,-9999,-9999,-9999,-9999,82.89,34.11,93.7,4.1,-9999,-9999,-9999,-9999,45.0,363.5,-9999,1.9,-9999,2.3,81.6,362.7,-9999,319.3,-9999,326.1,-9999,0.00197,<0.0020,-9999,1.20,0.32,-9999,4.83,0.75,-9999,1,59208.7970711995950000,0.0000000000000055,59208.7969624387,0.0000000013,0.000994,0.000022,0.7,1.3,-106,12,450.6,400.2,400.2,365754.36,363003,41.693,5.2e-11
FRB20201228A,-9999,FRB20190804E,261.343,0.017,0.017,-9999,-9999,-9999,-9999,55.0689,0.0083,0.0083,-9999,-9999,-9999,-9999,82.89,34.11,93.7,4.1,-9999,-9999,-9999,-9999,24.82,362.7,-9999,1.9,-9999,2.3,37.2,363.58,-9999,320.2,-9999,327.0,-9999,0.01671,<0.0030,-9999,0.63,0.15,-9999,3.43,0.62,-9999,0,59211.786531566350000,0.000000000000012,59211.7864225416,0.0000000013,0.001479,0.000068,54.6,4.4,-137,11,562.0,423.1,487.6,1090040.785,1086181,41.846,5.2e-11
FRB20201228A,-9999,FRB20190804E,261.343,0.017,0.017,-9999,-9999,-9999,-9999,55.0689,0.0083,0.0083,-9999,-9999,-9999,-9999,82.89,34.11,93.7,4.1,-9999,-9999,-9999,-9999,24.82,362.7,-9999,1.9,-9999,2.3,37.2,363.58,-9999,320.2,-9999,327.0,-9999,0.01671,<0.0030,-9999,0.63,0.15,-9999,3.43,0.62,-9999,1,59211.78653206751000,0.00000000000020,59211.7864230427,0.0000000013,0.0031,0.0014,18,15,-32,25,721.9,402.0,538.8,1090040.785,1086181,41.846,5.2e-11
FRB20200624B,-9999,FRB20190812A,268.05,0.11,0.22,-9999,-9999,-9999,-9999,50.707,0.024,0.024,-9999,-9999,-9999,-9999,78.06,29.8,81,26,-9999,-9999,-9999,-9999,14.15,244.2,-9999,0.9,-9999,1.2,19.14,245.0220,0.0039,196.6,-9999,203.8,-9999,0.00197,0.000185,0.000060,1.17,0.65,-9999,0.65,0.37,-9999,0,59024.315147504290000,0.000000000000017,59024.315074030860000,0.000000000000021,0.000423,0.000059,2.4,1.3,-3.1,1.7,800.2,400.2,593.1,354043.136,352595,43.365,1.37
FRB20200402A,-9999,FRB20190905A,73.271,0.029,0.059,-9999,-9999,-9999,-9999,88.236,0.055,0.071,-9999,-9999,-9999,-9999,124.64,26.25,5400,980,-9999,3900,1300,-9999,52.68,231.3,0.6,0.4,0.8,0.6,206.69,231.53058,0.00071,174.4,-9999,176.1,-9999,0.00197,<0.0015,-9999,7.8,3.5,-9999,18.0,7.9,-9999,0,58941.1276979627800000,0.0000000000000077,58941.1276285349500000,0.0000000000000081,0.0007451,0.0000051,14.53,0.26,-48.00,0.78,578.2,400.2,462.8,318884.791,312392,49.823,2.21
FRB20200213C,-9999,FRB20190915D,11.782,0.027,0.027,-9999,-9999,-9999,-9999,46.862,0.016,0.016,-9999,-9999,-9999,-9999,122.17,-16.0,92.5,1.2,-9999,-9999,-9999,-9999,10.32,485.2,-9999,11.3,-9999,14.1,17.4,489.99,0.78,400.6,-9999,401.5,-9999,0.04522,<0.019,-9999,0.30,0.19,-9999,2.67,0.94,-9999,0,58892.95931728744500,0.00000000000035,58892.9591703568440,0.0000000000027,0.0097,0.0012,65,12,-590,110,450.0,400.2,422.7,904164.121,933274,40.039,3e-10
FRB20200214B,-9999,FRB20190915D,11.782,0.027,0.027,-9999,-9999,-9999,-9999,46.862,0.016,0.016,-9999,-9999,-9999,-9999,122.17,-16.0,92.5,1.2,-9999,-9999,-9999,-9999,31.36,485.2,-9999,11.3,-9999,14.1,54.62,488.827,0.068,399.4,-9999,400.4,-9999,0.02851,0.00495,0.00037,0.90,0.39,-9999,12.4,4.0,-9999,0,58893.96581559424500,0.00000000000010,58893.96566901242000,0.00000000000026,0.00444,0.00043,21.7,1.5,-102.8,6.2,516.6,400.2,444.8,913491.46,928238,40.363,3e-10
FRB20200214A,-9999,FRB20190915D,11.782,0.027,0.027,-9999,-9999,-9999,-9999,46.862,0.016,0.016,-9999,-9999,-9999,-9999,122.17,-16.0,92.5,1.2,-9999,-9999,-9999,-9999,15.53,478.8,-9999,11.3,-9999,14.1,33.23,489.83,-9999,400.4,-9999,401.4,-9999,0.03932,<0.010,-9999,1.40,0.64,-9999,20.6,5.4,-9999,0,58893.968366155210000,0.000000000000064,58893.9682192725,0.0000000017,0.00500,0.00046,43.7,7.5,-62,10,675.0,472.3,564.6,1860545.222,1881749,39.551,3e-10
FRB20200214A,-9999,FRB20190915D,11.782,0.027,0.027,-9999,-9999,-9999,-9999,46.862,0.016,0.016,-9999,-9999,-9999,-9999,122.17,-16.0,92.5,1.2,-9999,-9999,-9999,-9999,15.53,478.8,-9999,11.3,-9999,14.1,33.23,489.83,-9999,400.4,-9999,401.4,-9999,0.03932,<0.010,-9999,1.40,0.64,-9999,20.6,5.4,-9999,1,58893.968367082416000,0.000000000000034,58893.9682201997,0.0000000017,0.00500,0.00025,44.4,4.5,-103,10,570.0,425.7,492.6,1860545.222,1881749,39.551,3e-10
FRB20200312A,-9999,FRB20190915D,11.782,0.027,0.027,-9999,-9999,-9999,-9999,46.862,0.016,0.016,-9999,-9999,-9999,-9999,122.17,-16.0,92.5,1.2,-9999,-9999,-9999,-9999,9.92,488.5,-9999,11.3,-9999,14.1,16.04,488.491,0.035,399.1,-9999,400.0,-9999,0.01573,<0.0076,-9999,0.37,0.19,-9999,1.99,0.73,-9999,0,58920.88478408592000,0.00000000000018,58920.88463760484600,0.00000000000022,0.00382,0.00033,97,20,-208,42,562.0,453.8,505.0,584992.239,584757,37.384,3e-10
FRB20200313C,-9999,FRB20190915D,11.782,0.027,0.027,-9999,-9999,-9999,-9999,46.862,0.016,0.016,-9999,-9999,-9999,-9999,122.17,-16.0,92.5,1.2,-9999,-9999,-9999,-9999,16.44,485.2,-9999,11.3,-9999,14.1,42.51,489.74,-9999,400.3,-9999,401.3,-9999,0.05702,<0.010,-9999,0.72,0.32,-9999,15.2,3.1,-9999,0,58921.886267056620000,0.000000000000052,58921.8861202009,0.0000000017,0.00500,0.00038,34.4,5.3,-47.3,7.0,706.6,458.3,569.1,1138235.583,1133035,39.337,3e-10
FRB20200313C,-9999,FRB20190915D,11.782,0.027,0.027,-9999,-9999,-9999,-9999,46.862,0.016,0.016,-9999,-9999,-9999,-9999,122.17,-16.0,92.5,1.2,-9999,-9999,-9999,-9999,16.44,485.2,-9999,11.3,-9999,14.1,42.51,489.74,-9999,400.3,-9999,401.3,-9999,0.05702,<0.010,-9999,0.72,0.32,-9999,15.2,3.1,-9999,1,58921.886267427440000,0.000000000000026,58921.8861205718,0.0000000017,0.00500,0.00019,35.5,2.6,-69.0,4.9,615.0,428.5,513.3,1138235.583,1133035,39.337,3e-10
FRB20200313B,-9999,FRB20190915D,11.782,0.027,0.027,-9999,-9999,-9999,-9999,46.862,0.016,0.016,-9999,-9999,-9999,-9999,122.17,-16.0,92.5,1.2,-9999,-9999,-9999,-9999,9.68,478.8,-9999,11.3,-9999,14.1,23.75,490.33,-9999,400.9,-9999,401.9,-9999,0.01671,<0.013,-9999,0.36,0.17,-9999,7.2,2.1,-9999,0,58921.88626716339000,0.00000000000011,58921.8861201308,0.0000000017,0.00649,0.00062,71,11,-91,14,690.8,504.5,590.4,1357156.761,1352998,37.909,3e-10
FRB20200313B,-9999,FRB20190915D,11.782,0.027,0.027,-9999,-9999,-9999,-9999,46.862,0.016,0.016,-9999,-9999,-9999,-9999,122.17,-16.0,92.5,1.2,-9999,-9999,-9999,-9999,9.68,478.8,-9999,11.3,-9999,14.1,23.75,490.33,-9999,400.9,-9999,401.9,-9999,0.01671,<0.013,-9999,0.36,0.17,-9999,7.2,2.1,-9999,1,58921.88626752619000,0.00000000000016,58921.8861204936,0.0000000017,0.00696,0.00084,84,15,-131,22,627.9,485.6,552.2,1357156.761,1352998,37.909,3e-10
FRB20200515A,-9999,FRB20191013D,40.418,0.019,0.019,-9999,-9999,-9999,-9999,13.626,0.026,0.026,-9999,-9999,-9999,-9999,159.66,-41.25,67.00,0.96,-9999,-9999,-9999,-9999,23.5,524.1,-9999,8.9,-9999,11.3,40.76,522.407,0.053,479.4,-9999,486.6,-9999,0.02654,0.01291,0.00079,4.2,1.6,-9999,50,16,-9999,0,58984.79805838179000,0.00000000000011,58984.79790173030000,0.00000000000021,0.00244,0.00036,0.99,0.58,-5.77,0.89,800.2,400.2,436.2,1092915.927,1086204,50.153,0.051
FRB20200427A,-9999,FRB20191105B,84.106,0.059,0.059,-9999,-9999,-9999,-9999,72.519,0.017,0.017,-9999,-9999,-9999,-9999,140.6,20.42,163,15,-9999,160.6,0.0,-9999,39.16,308.9,51.1,3.1,64.5,3.8,86.96,308.9459,0.0019,235.4,-9999,225.2,-9999,0.00197,0.000203,0.000016,7.6,3.9,-9999,19.7,9.8,-9999,0,58966.9472813802640000,0.0000000000000040,58966.9471887383260000,0.0000000000000076,0.000552,0.000016,17.64,0.60,-34.4,1.0,669.6,400.2,517.0,333145.914,325273,47.754,0.73
FRB20200215A,-9999,FRB20191106C,199.577,0.013,0.013,-9999,-9999,-9999,-9999,43.0025,0.0088,0.0088,-9999,-9999,-9999,-9999,105.7,73.22,65.6,2.9,-9999,-9999,-9999,-9999,12.8,323.5,-9999,1.9,-9999,2.4,40.51,330.26,-9999,305.2,-9999,309.7,-9999,0.00983,0.00839,0.00059,0.071,0.045,-9999,0.94,0.19,-9999,0,58894.482773184950000,0.000000000000097,58894.4826741517,0.0000000011,0.00390,0.00065,4.2,2.9,-168,27,455.4,400.2,405.2,1029255.056,1055177,43.506,3.1e-13
FRB20200317D,-9999,FRB20191106C,199.577,0.013,0.013,-9999,-9999,-9999,-9999,43.0025,0.0088,0.0088,-9999,-9999,-9999,-9999,105.7,73.22,65.6,2.9,-9999,-9999,-9999,-9999,11.39,323.5,-9999,1.9,-9999,2.4,17.47,335.129,0.053,310.1,-9999,314.6,-9999,0.02064,<0.019,-9999,0.126,0.049,-9999,2.05,0.39,-9999,0,58925.39820795601600,0.00000000000026,58925.39810739566000,0.00000000000044,0.00942,0.00083,8.9,2.0,-10.6,2.5,800.2,400.2,592.0,939015.086,937359,39.777,3.1e-13
FRB20200617C,-9999,FRB20191106C,199.577,0.013,0.013,-9999,-9999,-9999,-9999,43.0025,0.0088,0.0088,-9999,-9999,-9999,-9999,105.7,73.22,65.6,2.9,-9999,-9999,-9999,-9999,20.42,323.5,-9999,1.9,-9999,2.4,42.16,331.93,0.10,306.9,-9999,311.4,-9999,0.02851,0.01012,0.00075,0.144,0.076,-9999,2.06,0.40,-9999,0,59017.15093324784500,0.00000000000015,59017.15083371370600,0.00000000000039,0.00502,0.00077,12.6,1.5,-63.3,5.5,535.0,400.2,442.1,1292780.745,1289428,40.826,3.1e-13
FRB20201201A,-9999,FRB20191106C,199.577,0.013,0.013,-9999,-9999,-9999,-9999,43.0025,0.0088,0.0088,-9999,-9999,-9999,-9999,105.7,73.22,65.6,2.9,-9999,-9999,-9999,-9999,20.47,332.4,-9999,1.9,-9999,2.4,83.55,332.4,-9999,307.4,-9999,311.9,-9999,0.07373,0.01004,0.00047,0.090,0.049,-9999,1.59,0.54,-9999,0,59184.690250875174000,0.000000000000093,59184.6901512002,0.0000000012,0.01239,0.00054,6.73,0.78,-65.3,3.9,508.4,400.2,421.4,1862378.831,1856483,40.363,3.1e-13
FRB20210212C,-9999,FRB20191106C,199.577,0.013,0.013,-9999,-9999,-9999,-9999,43.0025,0.0088,0.0088,-9999,-9999,-9999,-9999,105.7,73.22,65.6,2.9,-9999,-9999,-9999,-9999,12.02,330.8,-9999,1.9,-9999,2.4,24.19,333.57,0.26,308.5,-9999,313.0,-9999,0.02654,<0.035,-9999,0.088,0.043,-9999,0.96,0.32,-9999,0,59257.48754239986000,0.00000000000033,59257.48744237426600,0.00000000000095,0.0175,0.0014,14.4,2.4,-62.4,9.1,527.2,400.2,443.2,1398687.986,1399154,43.817,3.1e-13
FRB20210316C,-9999,FRB20191106C,199.577,0.013,0.013,-9999,-9999,-9999,-9999,43.0025,0.0088,0.0088,-9999,-9999,-9999,-9999,105.7,73.22,65.6,2.9,-9999,-9999,-9999,-9999,18.18,331.6,-9999,1.9,-9999,2.4,45.39,331.91,0.28,306.9,-9999,311.4,-9999,0.04227,0.00891,0.00057,0.080,0.039,-9999,1.29,0.30,-9999,0,59289.39890532636500,0.00000000000019,59289.39880579919600,0.00000000000099,0.00781,0.00074,20.9,2.0,-131,10,494.8,400.2,433.4,1359307.887,1352945,45.673,3.1e-13
FRB20200418A,-9999,FRB20191114A,273.574,0.031,0.031,-9999,-9999,-9999,-9999,19.799,0.038,0.038,-9999,-9999,-9999,-9999,46.97,16.83,61.1,4.5,-9999,-9999,-9999,-9999,14.26,553.2,-9999,2.1,-9999,2.7,26.86,554.9,-9999,456.8,-9999,475.3,-9999,0.00688,<0.010,-9999,0.59,0.31,-9999,5.3,1.7,-9999,0,58957.512435881790000,0.000000000000043,58957.5122694869,0.0000000019,0.00500,0.00030,88.6,9.5,-158,17,592.4,468.4,526.8,506772.81,505413,45.88,0.066
FRB20200614B,-9999,FRB20191114A,273.574,0.031,0.031,-9999,-9999,-9999,-9999,19.799,0.038,0.038,-9999,-9999,-9999,-9999,46.97,16.83,61.1,4.5,-9999,-9999,-9999,-9999,14.36,549.9,-9999,2.1,-9999,2.7,33.77,552.88,0.11,454.8,-9999,473.3,-9999,0.02851,<0.0094,-9999,0.43,0.31,-9999,3.8,1.9,-9999,0,59014.357610519850000,0.000000000000063,59014.35744472928500,0.00000000000038,0.00468,0.00027,28.4,4.1,-332,39,453.9,400.2,417.7,510765.164,511113,45.27,0.066
FRB20200701A,-9999,FRB20200118D,106.909,0.012,0.012,-9999,-9999,-9999,-9999,42.8374,0.0095,0.0095,-9999,-9999,-9999,-9999,174.45,20.86,71.8,4.9,-9999,-9999,-9999,-9999,32.68,626.0,-9999,1.2,-9999,1.4,42.98,625.2,-9999,548.6,-9999,533.6,-9999,0.00492,<0.0026,-9999,1.05,0.27,-9999,2.98,0.49,-9999,0,59031.849831315800000,0.000000000000012,59031.8496438404,0.0000000022,0.001823,0.000075,53.2,4.6,-56.9,4.8,775.6,522.3,636.5,338499.298,333021,46.509,0.038
FRB20200701A,-9999,FRB20200118D,106.909,0.012,0.012,-9999,-9999,-9999,-9999,42.8374,0.0095,0.0095,-9999,-9999,-9999,-9999,174.45,20.86,71.8,4.9,-9999,-9999,-9999,-9999,32.68,626.0,-9999,1.2,-9999,1.4,42.98,625.2,-9999,548.6,-9999,533.6,-9999,0.00492,<0.0026,-9999,1.05,0.27,-9999,2.98,0.49,-9999,1,59031.849831407570000,0.000000000000021,59031.8496439322,0.0000000022,0.00128,0.00012,26.2,4.4,-72,12,567.5,400.2,469.8,338499.298,333021,46.509,0.038
FRB20200219B,-9999,FRB20200127B,119.20,0.11,0.11,-9999,-9999,-9999,-9999,86.6087,0.0077,0.0077,-9999,-9999,-9999,-9999,126.62,28.03,154,13,-9999,951,18,-9999,29.3,351.0,5.3,3.7,6.4,4.4,43.54,351.317,-9999,297.3,-9999,300.6,-9999,0.00098,<0.00090,-9999,2.41,0.89,-9999,4.7,1.6,-9999,0,58898.7690868241700000,0.0000000000000063,58898.7689814766,0.0000000012,0.000450,0.000015,8.19,0.72,-15.8,1.2,758.4,400.2,518.1,164644.095,166985,46.356,0.017
FRB20201014B,-9999,FRB20200202A,25.928,0.016,0.016,-9999,-9999,-9999,-9999,44.2900,0.0074,0.0074,-9999,-9999,-9999,-9999,132.71,-17.59,62.1,5.5,-9999,-9999,-9999,-9999,34.95,726.3,-9999,6.1,-9999,7.7,112.6,726.33,-9999,643.1,-9999,642.3,-9999,0.02064,<0.0030,-9999,3.0,1.4,-9999,32,14,-9999,0,59136.3438278183800000,0.0000000000000096,59136.3436100177,0.0000000025,0.002841,0.000071,84.3,5.7,-70.2,4.8,800.2,605.5,742.2,559866.366,542515,41.907,0.00028
FRB20201014B,-9999,FRB20200202A,25.928,0.016,0.016,-9999,-9999,-9999,-9999,44.2900,0.0074,0.0074,-9999,-9999,-9999,-9999,132.71,-17.59,62.1,5.5,-9999,-9999,-9999,-9999,34.95,726.3,-9999,6.1,-9999,7.7,112.6,726.33,-9999,643.1,-9999,642.3,-9999,0.02064,<0.0030,-9999,3.0,1.4,-9999,32,14,-9999,1,59136.3438279596960000,0.0000000000000033,59136.3436101590,0.0000000025,0.001486,0.000023,92.9,3.1,-81.2,2.8,800.2,590.8,709.6,559866.366,542515,41.907,0.00028
FRB20200702C,-9999,FRB20200223B,8.2653,0.0076,0.0076,-9999,-9999,-9999,-9999,28.8310,0.0073,0.0073,-9999,-9999,-9999,-9999,118.08,-33.87,51.7,1.9,-9999,-9999,-9999,-9999,22.68,203.8,-9999,7.6,-9999,8.7,76.38,202.75,-9999,157.1,-9999,165.7,-9999,0.00786,<0.0046,-9999,1.52,0.37,-9999,9.6,1.8,-9999,0,59032.5751114280100000,0.0000000000000080,59032.57505063046,0.00000000070,0.002292,0.000049,99.8,3.8,-91.0,3.5,800.2,589.3,690.7,342611.597,332684,46.564,4.1e-05
FRB20200821B,-9999,FRB20200223B,8.2653,0.0076,0.0076,-9999,-9999,-9999,-9999,28.8310,0.0073,0.0073,-9999,-9999,-9999,-9999,118.08,-33.87,51.7,1.9,-9999,-9999,-9999,-9999,8.13,202.2,-9999,7.6,-9999,8.7,11.34,201.7,-9999,156.1,-9999,164.7,-9999,0.00492,<0.0027,-9999,2.8,2.6,-9999,5.6,1.8,-9999,0,59082.440396612710000,0.000000000000035,59082.44033613001,0.00000000070,0.00137,0.00020,23.8,7.8,-25.8,8.2,800.2,472.1,620.1,339179.776,339448,45.477,4.1e-05
FRB20210115C,-9999,FRB20200223B,8.2653,0.0076,0.0076,-9999,-9999,-9999,-9999,28.8310,0.0073,0.0073,-9999,-9999,-9999,-9999,118.08,-33.87,51.7,1.9,-9999,-9999,-9999,-9999,14.63,201.8,-9999,7.6,-9999,8.7,30.75,202.039,-9999,156.4,-9999,165.0,-9999,0.01081,0.00191,0.00022,7.5,5.4,-9999,14.4,2.7,-9999,0,59229.04023149663400,0.00000000000053,59229.04017091217,0.00000000070,0.00224,0.00014,54.1,6.1,-56.6,6.3,790.0,527.7,645.7,522284.868,519776,44.342,4.1e-05
FRB20210117F,-9999,FRB20200223B,8.2653,0.0076,0.0076,-9999,-9999,-9999,-9999,28.8310,0.0073,0.0073,-9999,-9999,-9999,-9999,118.08,-33.87,51.7,1.9,-9999,-9999,-9999,-9999,10.78,201.0,-9999,7.6,-9999,8.7,19.15,200.88,-9999,155.3,-9999,163.8,-9999,0.00295,<0.0025,-9999,1.9,1.8,-9999,2.8,1.3,-9999,0,59231.031822327170000,0.000000000000021,59231.03176209036,0.00000000070,0.00126,0.00011,63,11,-73,12,725.6,515.1,611.3,355561.677,355332,42.926,4.1e-05
FRB20201105A,-9999,FRB20200320A,42.451,0.041,0.016,-9999,-9999,-9999,-9999,15.844,0.055,0.067,-9999,-9999,-9999,-9999,160.2,-38.32,59,11,-9999,-9999,-9999,-9999,8.83,581.1,-9999,8.7,-9999,11.0,9.29,581.4083,0.0068,535.8,-9999,542.3,-9999,0.00197,<0.0012,-9999,0.63,0.39,-9999,1.26,0.85,-9999,0,59158.326579577370000,0.000000000000059,59158.326405233594000,0.000000000000063,0.000595,0.000091,15.3,5.2,-23.6,7.4,755.4,404.6,552.8,343919.769,343210,44.873,0.92
FRB20200820A,-9999,FRB20200420A,7.574,0.020,0.039,-9999,-9999,-9999,-9999,37.264,0.055,0.039,-9999,-9999,-9999,-9999,118.28,-25.42,55,29,-9999,-9999,-9999,-9999,53.31,671.3,-9999,0.7,-9999,1.2,202.2,670.5,-9999,612.5,-9999,620.6,-9999,0.00197,<0.0012,-9999,6.1,2.9,-9999,22,10,-9999,0,59081.4416770942100000,0.0000000000000017,59081.4414760350,0.0000000023,0.0006246,0.0000047,42.44,0.90,-36.70,0.81,800.2,551.6,701.4,393571.548,358329,42.444,0.0011
FRB20200820A,-9999,FRB20200420A,7.574,0.020,0.039,-9999,-9999,-9999,-9999,37.264,0.055,0.039,-9999,-9999,-9999,-9999,118.28,-25.42,55,29,-9999,-9999,-9999,-9999,53.31,671.3,-9999,0.7,-9999,1.2,202.2,670.5,-9999,612.5,-9999,620.6,-9999,0.00197,<0.0012,-9999,6.1,2.9,-9999,22,10,-9999,1,59081.4416771674500000,0.0000000000000065,59081.4414761082,0.0000000023,0.000840,0.000021,14.9,1.5,-12.4,1.4,800.2,485.6,684.7,393571.548,358329,42.444,0.0011
FRB20200508C,-9999,FRB20200508H,54.60,0.27,0.49,-9999,-9999,-9999,-9999,88.04,0.38,0.32,-9999,-9999,-9999,-9999,124.38,25.66,1300,540,-9999,1400,380,-9999,11.35,480.4,1.1,0.8,1.5,1.1,19.1,479.4861,0.0065,421.4,-9999,422.6,-9999,0.00295,<0.0013,-9999,0.91,0.63,-9999,2.4,2.0,-9999,0,58977.8,0.0,58977.801432467895000,0.000000000000023,0.000655,0.000049,3.4,1.6,-15.5,4.0,629.6,400.2,434.3,307424.591,308744,50.409,3.95
FRB20200621A,-9999,FRB20200619A,272.57,0.12,0.12,-9999,-9999,-9999,-9999,55.558,0.058,0.058,-9999,-9999,-9999,-9999,83.96,27.77,109.7,6.1,-9999,-9999,-9999,-9999,13.29,438.3,-9999,2.5,-9999,3.1,27.47,439.7122,0.0055,388.7,-9999,394.8,-9999,0.00295,0.00078,0.00012,0.76,0.22,-9999,1.76,0.48,-9999,0,59021.341549316065000,0.000000000000086,59021.341417461950000,0.000000000000088,0.000485,0.000084,38.8,4.2,-60.0,6.1,672.8,454.7,553.1,359431.962,360347,42.12,4.3e-11
FRB20200825B,-9999,FRB20200619A,272.57,0.12,0.12,-9999,-9999,-9999,-9999,55.558,0.058,0.058,-9999,-9999,-9999,-9999,83.96,27.77,109.7,6.1,-9999,-9999,-9999,-9999,8.79,446.4,-9999,2.5,-9999,3.1,13.29,439.8777,0.0071,388.9,-9999,395.0,-9999,0.02949,0.00208,0.00034,0.175,0.097,-9999,1.05,0.22,-9999,0,59086.158290095770000,0.000000000000022,59086.158158192020000,0.000000000000033,0.000002,0.000075,42.5,8.7,-130,26,538.1,412.5,471.1,-9999,-9999,-9999,4.3e-11
FRB20201022D,-9999,FRB20200619A,272.57,0.12,0.12,-9999,-9999,-9999,-9999,55.558,0.058,0.058,-9999,-9999,-9999,-9999,83.96,27.77,109.7,6.1,-9999,-9999,-9999,-9999,13.02,439.6,-9999,2.5,-9999,3.1,15.05,440.37,-9999,389.4,-9999,395.5,-9999,0.00688,<0.010,-9999,0.52,0.33,-9999,3.1,1.3,-9999,0,59144.007716572820000,0.000000000000065,59144.0075845214,0.0000000015,0.00500,0.00048,-3.4,1.3,5.4,1.8,800.2,400.2,800.2,491267.673,488883,47.65,4.3e-11
FRB20210130E,-9999,FRB20200619A,272.57,0.12,0.12,-9999,-9999,-9999,-9999,55.558,0.058,0.058,-9999,-9999,-9999,-9999,83.96,27.77,109.7,6.1,-9999,-9999,-9999,-9999,12.14,439.6,-9999,2.5,-9999,3.1,15.84,440.233,0.051,389.3,-9999,395.3,-9999,0.00786,<0.0055,-9999,0.33,0.20,-9999,1.12,0.42,-9999,0,59244.72817472098500,0.00000000000010,59244.72804271069600,0.00000000000021,0.00274,0.00024,21.0,5.0,-112,23,506.5,400.2,438.3,366894.317,367302,41.003,4.3e-11
FRB20201018C,-9999,FRB20200809E,19.96,0.10,0.10,-9999,-9999,-9999,-9999,82.892,0.016,0.016,-9999,-9999,-9999,-9999,123.86,20.07,509.8,2.4,-9999,410,26,-9999,13.36,1698.4,6.1,2.5,7.3,3.1,22.85,1703.504,0.011,1629.8,-9999,1620.4,-9999,0.00492,<0.0039,-9999,0.80,0.36,-9999,3.0,1.3,-9999,0,59140.329248175030000,0.000000000000038,59140.328737354370000,0.000000000000055,0.00194,0.00012,32.5,4.0,-63.8,7.4,624.2,426.9,516.2,348489.336,346934,44.275,2.8e-06
FRB20210128B,-9999,FRB20200809E,19.96,0.10,0.10,-9999,-9999,-9999,-9999,82.892,0.016,0.016,-9999,-9999,-9999,-9999,123.86,20.07,509.8,2.4,-9999,410,26,-9999,9.11,1699.6,6.1,2.5,7.3,3.1,9.39,1701.09,0.12,1627.4,-9999,1617.9,-9999,0.0118,<0.0086,-9999,0.41,0.22,-9999,1.48,0.26,-9999,0,59242.03845904552000,0.00000000000022,59242.03794894996000,0.00000000000048,0.00431,0.00088,46,13,-164,46,517.9,408.7,460.1,553623.401,552837,40.802,2.8e-06
FRB20210208B,-9999,FRB20200809E,19.96,0.10,0.10,-9999,-9999,-9999,-9999,82.892,0.016,0.016,-9999,-9999,-9999,-9999,123.86,20.07,509.8,2.4,-9999,410,26,-9999,20.4,1704.0,6.1,2.5,7.3,3.1,23.75,1702.01,-9999,1628.3,-9999,1618.9,-9999,0.03047,<0.0070,-9999,0.45,0.12,-9999,6.32,0.86,-9999,0,59253.002413871120000,0.000000000000051,59253.0019034986,0.0000000059,0.00349,0.00033,30.8,6.6,-30.8,6.6,800.2,507.5,642.0,892814.865,889189,42.871,2.8e-06
FRB20210208B,-9999,FRB20200809E,19.96,0.10,0.10,-9999,-9999,-9999,-9999,82.892,0.016,0.016,-9999,-9999,-9999,-9999,123.86,20.07,509.8,2.4,-9999,410,26,-9999,20.4,1704.0,6.1,2.5,7.3,3.1,23.75,1702.01,-9999,1628.3,-9999,1618.9,-9999,0.03047,<0.0070,-9999,0.45,0.12,-9999,6.32,0.86,-9999,1,59253.002414077906000,0.000000000000062,59253.0019037053,0.0000000059,0.00500,0.00046,33.1,6.0,-51.3,8.8,659.9,448.7,544.1,892814.865,889189,42.871,2.8e-06
FRB20210203E,-9999,FRB20200828A,114.08,0.20,0.44,-9999,-9999,-9999,-9999,80.021,0.11,0.095,-9999,-9999,-9999,-9999,134.1,28.63,240,130,-9999,220,130,-9999,9.23,553.2,1.6,0.4,2.4,0.5,6.18,553.635,0.025,500.0,-9999,503.3,-9999,0.09732,<0.0046,-9999,0.49,0.29,-9999,10.9,4.0,-9999,0,59248.3271590847650,0.0000000000013,59248.3269931287400,0.0000000000022,0.00231,0.00039,8.6,4.4,-9.9,5.2,800.2,400.2,400.2,362922.786,361070,42.004,1.6
FRB20200914C,-9999,FRB20200913C,269.027,0.064,0.064,-9999,-9999,-9999,-9999,65.805,0.031,0.031,-9999,-9999,-9999,-9999,95.51,30.21,156.5,3.3,-9999,-9999,-9999,-9999,11.51,574.2,-9999,1.8,-9999,2.2,12.41,575.7389,0.0059,527.9,-9999,533.2,-9999,0.00197,<0.0015,-9999,0.68,0.23,-9999,1.60,0.36,-9999,0,59106.103300414965000,0.000000000000086,59106.103127771250000,0.000000000000089,0.000731,0.000083,1.7,1.9,-2.6,2.8,800.2,400.2,551.3,305106.556,304944,51.019,0.18
FRB20201210B,-9999,FRB20200926A,283.28,0.20,0.18,-9999,-9999,-9999,-9999,53.95,0.31,0.30,-9999,-9999,-9999,-9999,83.73,21.4,67,43,-9999,-9999,-9999,-9999,10.96,757.4,-9999,0.5,-9999,0.9,12.66,757.78,-9999,694.0,-9999,698.4,-9999,0.00786,<0.0048,-9999,0.34,0.24,-9999,0.94,0.46,-9999,0,59193.89842378640000,0.00000000000028,59193.8981965550,0.0000000026,0.00238,0.00026,71,16,-183,40,567.0,439.6,499.3,366367.836,367986,40.894,0.22
FRB20201223A,-9999,FRB20200926A,283.28,0.20,0.18,-9999,-9999,-9999,-9999,53.95,0.31,0.30,-9999,-9999,-9999,-9999,83.73,21.4,67,43,-9999,-9999,-9999,-9999,11.0,757.4,-9999,0.5,-9999,0.9,14.08,758.88,0.10,695.1,-9999,699.5,-9999,0.0059,<0.0042,-9999,0.16,0.12,-9999,0.56,0.23,-9999,0,59206.865247994300000,0.000000000000087,59206.86502043248000,0.00000000000036,0.00211,0.00027,27.3,6.1,-108,23,524.7,400.2,450.8,374907.882,374902,39.783,0.22
FRB20201125B,-9999,FRB20200929C,17.041,0.017,0.017,-9999,-9999,-9999,-9999,18.474,0.015,0.015,-9999,-9999,-9999,-9999,128.47,-44.22,55.7,2.0,-9999,-9999,-9999,-9999,21.18,413.7,-9999,5.5,-9999,7.8,18.61,413.6798,0.0044,375.3,-9999,384.3,-9999,0.00393,<0.0017,-9999,0.51,0.32,-9999,1.3,1.1,-9999,0,59178.200153082340000,0.000000000000039,59178.200029034415000,0.000000000000042,0.000862,0.000067,53.0,9.6,-61,11,773.3,469.7,602.7,351868.826,351950,43.469,1e-09
FRB20201203C,-9999,FRB20200929C,17.041,0.017,0.017,-9999,-9999,-9999,-9999,18.474,0.015,0.015,-9999,-9999,-9999,-9999,128.47,-44.22,55.7,2.0,-9999,-9999,-9999,-9999,11.49,412.9,-9999,5.5,-9999,7.8,12.93,413.5,-9999,375.1,-9999,384.1,-9999,0.00295,<0.0056,-9999,0.49,0.32,-9999,0.53,0.23,-9999,0,59186.17777144236000,0.00000000000016,59186.1776474483,0.0000000014,0.00279,0.00031,42.7,9.5,-184,40,502.4,401.8,449.3,341875.137,342184,45.038,1e-09
FRB20201229C,-9999,FRB20200929C,17.041,0.017,0.017,-9999,-9999,-9999,-9999,18.474,0.015,0.015,-9999,-9999,-9999,-9999,128.47,-44.22,55.7,2.0,-9999,-9999,-9999,-9999,12.26,414.9,-9999,5.5,-9999,7.8,18.35,413.0,-9999,374.6,-9999,383.6,-9999,0.02261,<0.0045,-9999,0.57,0.29,-9999,3.9,1.3,-9999,0,59212.1083064822600,0.0000000000050,59212.1081826382,0.0000000014,0.0023,0.0097,50,420,-70,550,773.9,513.5,630.4,694435.486,692420,44.391,1e-09
FRB20201229C,-9999,FRB20200929C,17.041,0.017,0.017,-9999,-9999,-9999,-9999,18.474,0.015,0.015,-9999,-9999,-9999,-9999,128.47,-44.22,55.7,2.0,-9999,-9999,-9999,-9999,12.26,414.9,-9999,5.5,-9999,7.8,18.35,413.0,-9999,374.6,-9999,383.6,-9999,0.02261,<0.0045,-9999,0.57,0.29,-9999,3.9,1.3,-9999,1,59212.10830665572000,0.00000000000022,59212.1081828116,0.0000000014,0.0040,0.0010,53,18,-59,20,770.1,516.3,630.6,694435.486,692420,44.391,1e-09
FRB20201229C,-9999,FRB20200929C,17.041,0.017,0.017,-9999,-9999,-9999,-9999,18.474,0.015,0.015,-9999,-9999,-9999,-9999,128.47,-44.22,55.7,2.0,-9999,-9999,-9999,-9999,12.26,414.9,-9999,5.5,-9999,7.8,18.35,413.0,-9999,374.6,-9999,383.6,-9999,0.02261,<0.0045,-9999,0.57,0.29,-9999,3.9,1.3,-9999,2,59212.108306795940000,0.000000000000072,59212.1081829519,0.0000000014,0.00235,0.00024,71,14,-105,20,649.6,484.6,561.1,694435.486,692420,44.391,1e-09
FRB20210313B,-9999,FRB20200929C,17.041,0.017,0.017,-9999,-9999,-9999,-9999,18.474,0.015,0.015,-9999,-9999,-9999,-9999,128.47,-44.22,55.7,2.0,-9999,-9999,-9999,-9999,17.42,412.9,-9999,5.5,-9999,7.8,36.93,413.6154,0.0064,375.2,-9999,384.2,-9999,0.00786,0.00133,0.00013,0.91,0.47,-9999,4.8,1.6,-9999,0,59286.904990831670000,0.000000000000030,59286.904866803045000,0.000000000000038,0.000620,0.000090,79.1,5.9,-144,10,597.4,464.0,526.5,313622.39,309275,50.323,1e-09
FRB20210314A,-9999,FRB20200929C,17.041,0.017,0.017,-9999,-9999,-9999,-9999,18.474,0.015,0.015,-9999,-9999,-9999,-9999,128.47,-44.22,55.7,2.0,-9999,-9999,-9999,-9999,17.05,413.7,-9999,5.5,-9999,7.8,21.55,413.69,-9999,375.3,-9999,384.3,-9999,0.00786,<0.0034,-9999,0.46,0.27,-9999,2.75,0.89,-9999,0,59287.903339312990000,0.000000000000020,59287.9032152620,0.0000000014,0.00170,0.00013,25.7,3.9,-107,15,520.1,400.2,450.5,310676.149,308098,50.513,1e-09
FRB20210326B,-9999,FRB20200929C,17.041,0.017,0.017,-9999,-9999,-9999,-9999,18.474,0.015,0.015,-9999,-9999,-9999,-9999,128.47,-44.22,55.7,2.0,-9999,-9999,-9999,-9999,22.19,413.7,-9999,5.5,-9999,7.8,40.62,413.98,-9999,375.6,-9999,384.6,-9999,0.0059,<0.0033,-9999,0.89,0.42,-9999,1.99,0.98,-9999,0,59299.8658610060700000,0.0000000000000091,59299.8657368681,0.0000000014,0.001652,0.000063,56.0,4.3,-137,10,558.6,431.4,490.9,314320.876,311138,50.024,1e-09
FRB20201219A,-9999,FRB20201114A,221.586,0.082,0.082,-9999,-9999,-9999,-9999,71.789,0.027,0.027,-9999,-9999,-9999,-9999,111.15,42.61,135,27,-9999,83,17,-9999,11.31,321.1,66.3,6.8,79.6,8.3,17.03,322.399,0.011,284.5,-9999,291.6,-9999,0.00983,0.00309,0.00050,0.45,0.27,-9999,2.45,0.73,-9999,0,59202.70239239474000,0.00000000000014,59202.70229571867000,0.00000000000015,0.00072,0.00021,17.9,3.5,-27.8,4.7,735.3,413.7,551.6,556988.142,556769,40.381,0.018
FRB20201225D,-9999,FRB20201130A,64.388,0.012,0.012,-9999,-9999,-9999,-9999,7.941,0.014,0.014,-9999,-9999,-9999,-9999,185.42,-29.04,15,11,-9999,-9999,-9999,-9999,15.01,288.7,-9999,10.4,-9999,13.2,25.17,288.26,-9999,231.8,-9999,219.6,-9999,0.0118,<0.0087,-9999,1.8,1.8,-9999,18,14,-9999,0,59208.249328405550000,0.000000000000036,59208.2492419666,0.0000000010,0.00435,0.00026,27.4,3.3,-45.3,5.1,669.9,421.4,531.3,520982.118,518466,44.482,5.3e-18
FRB20210105G,-9999,FRB20201130A,64.388,0.012,0.012,-9999,-9999,-9999,-9999,7.941,0.014,0.014,-9999,-9999,-9999,-9999,185.42,-29.04,15,11,-9999,-9999,-9999,-9999,14.76,287.5,-9999,10.4,-9999,13.2,23.17,287.8888,0.0073,231.4,-9999,219.2,-9999,0.00492,0.00179,0.00035,5.4,3.1,-9999,14.7,8.2,-9999,0,59219.219166014850000,0.000000000000041,59219.219079687190000,0.000000000000048,0.00047,0.00013,24.9,3.6,-38.7,5.0,703.9,432.3,551.6,325577.687,324779,47.833,5.3e-18
FRB20210114B,-9999,FRB20201130A,64.388,0.012,0.012,-9999,-9999,-9999,-9999,7.941,0.014,0.014,-9999,-9999,-9999,-9999,185.42,-29.04,15,11,-9999,-9999,-9999,-9999,11.22,288.3,-9999,10.4,-9999,13.2,14.29,288.538,0.017,232.1,-9999,219.9,-9999,0.00492,<0.0051,-9999,1.22,0.60,-9999,5.0,1.7,-9999,0,59228.196207064306000,0.000000000000092,59228.19612055286400,0.00000000000011,0.00254,0.00024,20.5,4.4,-28.8,5.8,758.0,430.6,571.4,357813.754,357878,42.517,5.3e-18
FRB20210117E,-9999,FRB20201130A,64.388,0.012,0.012,-9999,-9999,-9999,-9999,7.941,0.014,0.014,-9999,-9999,-9999,-9999,185.42,-29.04,15,11,-9999,-9999,-9999,-9999,13.1,288.7,-9999,10.4,-9999,13.2,13.44,288.94,-9999,232.5,-9999,220.3,-9999,0.0118,<0.010,-9999,0.62,0.46,-9999,5.0,2.4,-9999,0,59231.186123861866000,0.000000000000074,59231.1860372190,0.0000000010,0.00500,0.00054,-3.3,1.9,-4.5,4.6,580.7,400.2,400.2,523227.735,522228,44.08,5.3e-18
FRB20210118B,-9999,FRB20201130A,64.388,0.012,0.012,-9999,-9999,-9999,-9999,7.941,0.014,0.014,-9999,-9999,-9999,-9999,185.42,-29.04,15,11,-9999,-9999,-9999,-9999,10.35,288.3,-9999,10.4,-9999,13.2,15.93,288.15,-9999,231.7,-9999,219.5,-9999,0.00885,<0.0066,-9999,0.86,0.45,-9999,4.0,1.2,-9999,0,59232.184245793310000,0.000000000000045,59232.1841593873,0.0000000010,0.00331,0.00032,25.6,5.2,-35.8,6.9,716.2,445.5,564.9,524629.13,523539,43.939,5.3e-18
FRB20210205D,-9999,FRB20201130A,64.388,0.012,0.012,-9999,-9999,-9999,-9999,7.941,0.014,0.014,-9999,-9999,-9999,-9999,185.42,-29.04,15,11,-9999,-9999,-9999,-9999,9.51,287.1,-9999,10.4,-9999,13.2,10.44,287.63,-9999,231.2,-9999,219.0,-9999,0.01475,<0.0064,-9999,6.8,6.3,-9999,18.4,7.7,-9999,0,59250.138084863470000,0.000000000000063,59250.1379986134,0.0000000010,0.00318,0.00045,20.5,5.8,-49,13,616.4,400.2,484.4,540183.759,541152,42.053,5.3e-18
FRB20210220E,-9999,FRB20201130A,64.388,0.012,0.012,-9999,-9999,-9999,-9999,7.941,0.014,0.014,-9999,-9999,-9999,-9999,185.42,-29.04,15,11,-9999,-9999,-9999,-9999,9.89,287.1,-9999,10.4,-9999,13.2,15.01,287.59,0.30,231.1,-9999,218.9,-9999,0.02949,<0.013,-9999,4.2,2.9,-9999,8.0,6.5,-9999,0,59265.09605058249000,0.00000000000015,59265.0959643438200,0.0000000000011,0.00655,0.00072,-0.1,3.9,-42,20,500.9,400.2,400.2,669999.427,671074,46.106,5.3e-18
FRB20210228B,-9999,FRB20201130A,64.388,0.012,0.012,-9999,-9999,-9999,-9999,7.941,0.014,0.014,-9999,-9999,-9999,-9999,185.42,-29.04,15,11,-9999,-9999,-9999,-9999,13.09,289.5,-9999,10.4,-9999,13.2,27.15,288.18,-9999,231.7,-9999,219.5,-9999,0.0462,<0.010,-9999,0.54,0.24,-9999,5.2,1.7,-9999,0,59273.069107613480000,0.000000000000096,59273.0690211985,0.0000000010,0.00500,0.00072,-5.4,1.6,6.6,2.3,800.2,400.2,400.2,751446.857,751629,51.709,5.3e-18
FRB20210228B,-9999,FRB20201130A,64.388,0.012,0.012,-9999,-9999,-9999,-9999,7.941,0.014,0.014,-9999,-9999,-9999,-9999,185.42,-29.04,15,11,-9999,-9999,-9999,-9999,13.09,289.5,-9999,10.4,-9999,13.2,27.15,288.18,-9999,231.7,-9999,219.5,-9999,0.0462,<0.010,-9999,0.54,0.24,-9999,5.2,1.7,-9999,1,59273.069107816550000,0.000000000000044,59273.0690214016,0.0000000010,0.00500,0.00031,31.4,4.1,-148,18,500.2,400.2,444.0,751446.857,751629,51.709,5.3e-18
FRB20210323E,-9999,FRB20201130A,64.388,0.012,0.012,-9999,-9999,-9999,-9999,7.941,0.014,0.014,-9999,-9999,-9999,-9999,185.42,-29.04,15,11,-9999,-9999,-9999,-9999,9.92,292.0,-9999,10.4,-9999,13.2,18.42,290.92,0.35,234.5,-9999,222.3,-9999,0.01573,<0.012,-9999,0.57,0.22,-9999,4.4,2.1,-9999,0,59296.01082682617000,0.00000000000052,59296.0107395887200,0.0000000000013,0.00582,0.00078,72,12,-134,21,596.2,455.5,521.1,602751.954,601534,51.691,5.3e-18
FRB20210327F,-9999,FRB20201130A,64.388,0.012,0.012,-9999,-9999,-9999,-9999,7.941,0.014,0.014,-9999,-9999,-9999,-9999,185.42,-29.04,15,11,-9999,-9999,-9999,-9999,22.4,287.1,-9999,10.4,-9999,13.2,39.23,287.487,0.076,231.0,-9999,218.8,-9999,0.01376,0.00196,0.00034,2.9,1.7,-9999,20.4,5.2,-9999,0,59300.00032312694400,0.00000000000014,59300.00023691984000,0.00000000000030,0.00327,0.00026,26.5,2.1,-52.8,3.9,633.4,417.2,514.1,472106.121,469331,49.744,5.3e-18
FRB20210406A,-9999,FRB20201130A,64.388,0.012,0.012,-9999,-9999,-9999,-9999,7.941,0.014,0.014,-9999,-9999,-9999,-9999,185.42,-29.04,15,11,-9999,-9999,-9999,-9999,10.16,287.5,-9999,10.4,-9999,13.2,10.23,288.57,-9999,232.1,-9999,219.9,-9999,0.00393,<0.0066,-9999,0.45,0.21,-9999,1.31,0.68,-9999,0,59310.96607201816000,0.00000000000012,59310.9659854862,0.0000000010,0.00332,0.00055,41,13,-87,26,587.4,430.9,503.1,460103.225,459585,50.787,5.3e-18
FRB20210224A,-9999,FRB20201221B,124.199,0.026,0.026,-9999,-9999,-9999,-9999,48.781,0.017,0.017,-9999,-9999,-9999,-9999,170.55,33.81,90.3,1.6,-9999,-9999,-9999,-9999,9.22,516.8,-9999,3.4,-9999,4.6,20.95,509.79,-9999,458.9,-9999,463.8,-9999,0.05407,<0.0047,-9999,0.30,0.14,-9999,3.98,0.96,-9999,0,59269.24936695961500,0.00000000000030,59269.2492140916,0.0000000018,0.0024,0.0019,-53,75,80,100,800.2,764.5,800.2,2421804.364,2422066,40.149,8.3e-07
FRB20210224A,-9999,FRB20201221B,124.199,0.026,0.026,-9999,-9999,-9999,-9999,48.781,0.017,0.017,-9999,-9999,-9999,-9999,170.55,33.81,90.3,1.6,-9999,-9999,-9999,-9999,9.22,516.8,-9999,3.4,-9999,4.6,20.95,509.79,-9999,458.9,-9999,463.8,-9999,0.05407,<0.0047,-9999,0.30,0.14,-9999,3.98,0.96,-9999,1,59269.249367994700000,0.000000000000096,59269.2492151267,0.0000000018,0.00500,0.00067,37,10,-204,54,485.5,400.2,430.7,2421804.364,2422066,40.149,8.3e-07
FRB20210224A,-9999,FRB20201221B,124.199,0.026,0.026,-9999,-9999,-9999,-9999,48.781,0.017,0.017,-9999,-9999,-9999,-9999,170.55,33.81,90.3,1.6,-9999,-9999,-9999,-9999,9.22,516.8,-9999,3.4,-9999,4.6,20.95,509.79,-9999,458.9,-9999,463.8,-9999,0.05407,<0.0047,-9999,0.30,0.14,-9999,3.98,0.96,-9999,2,59269.249368397046000,0.000000000000056,59269.2492155291,0.0000000018,0.00499,0.00041,21.7,7.2,-244,65,456.2,400.2,415.9,2421804.364,2422066,40.149,8.3e-07
FRB20210226C,-9999,FRB20201221B,124.199,0.026,0.026,-9999,-9999,-9999,-9999,48.781,0.017,0.017,-9999,-9999,-9999,-9999,170.55,33.81,90.3,1.6,-9999,-9999,-9999,-9999,8.65,508.7,-9999,3.4,-9999,4.6,15.01,513.05,-9999,462.2,-9999,467.1,-9999,0.02261,<0.010,-9999,0.19,0.13,-9999,1.19,0.32,-9999,0,59271.236631771820000,0.000000000000067,59271.2364779263,0.0000000018,0.00500,0.00049,50,11,-321,69,467.1,400.2,431.8,535047.236,534540,42.761,8.3e-07
FRB20210302E,-9999,FRB20201221B,124.199,0.026,0.026,-9999,-9999,-9999,-9999,48.781,0.017,0.017,-9999,-9999,-9999,-9999,170.55,33.81,90.3,1.6,-9999,-9999,-9999,-9999,21.41,509.5,-9999,3.4,-9999,4.6,35.57,510.52,0.12,459.6,-9999,464.5,-9999,0.02359,0.00279,0.00063,0.45,0.16,-9999,5.9,1.4,-9999,0,59275.24211018499000,0.00000000000023,59275.24195709699400,0.00000000000047,0.00520,0.00063,45.5,3.7,-178,14,509.5,405.8,454.7,706575.884,704361,43.433,8.3e-07
FRB20210303F,-9999,FRB20201221B,124.199,0.026,0.026,-9999,-9999,-9999,-9999,48.781,0.017,0.017,-9999,-9999,-9999,-9999,170.55,33.81,90.3,1.6,-9999,-9999,-9999,-9999,29.8,509.5,-9999,3.4,-9999,4.6,47.46,510.579,-9999,459.7,-9999,464.6,-9999,0.0059,0.00251,0.00019,0.58,0.18,-9999,6.4,1.6,-9999,0,59276.23157563449,0.00000000013,59276.2314225299,0.0000000018,0.00262,0.00022,19.3,1.8,-130.4,9.5,492.1,400.2,430.9,549316.966,547592,41.364,8.3e-07
FRB20210313E,-9999,FRB20201221B,124.199,0.026,0.026,-9999,-9999,-9999,-9999,48.781,0.017,0.017,-9999,-9999,-9999,-9999,170.55,33.81,90.3,1.6,-9999,-9999,-9999,-9999,10.0,510.3,-9999,3.4,-9999,4.6,15.43,510.354,0.062,459.5,-9999,464.4,-9999,0.02064,0.00173,0.00032,0.25,0.13,-9999,1.13,0.46,-9999,0,59286.20211255673000,0.00000000000015,59286.20195951969000,0.00000000000026,0.00126,0.00038,34.3,6.5,-183,32,491.8,400.2,439.6,352048.133,351911,43.475,8.3e-07
FRB20210331F,-9999,FRB20210323C,122.07,0.38,0.11,-9999,-9999,-9999,-9999,72.35,0.14,0.39,-9999,-9999,-9999,-9999,142.57,31.55,135,78,-9999,108,60,-9999,24.28,288.3,31.8,3.6,53.5,6.0,50.27,288.42,-9999,237.9,-9999,243.1,-9999,0.00885,<0.0025,-9999,1.02,0.54,-9999,6.1,2.6,-9999,0,59304.147736608080000,0.000000000000038,59304.1476501211,0.0000000010,0.00500,0.00030,58.0,6.5,-88.0,9.8,662.7,480.9,564.5,497640.634,492355,47.278,2.99
FRB20210331F,-9999,FRB20210323C,122.07,0.38,0.11,-9999,-9999,-9999,-9999,72.35,0.14,0.39,-9999,-9999,-9999,-9999,142.57,31.55,135,78,-9999,108,60,-9999,24.28,288.3,31.8,3.6,53.5,6.0,50.27,288.42,-9999,237.9,-9999,243.1,-9999,0.00885,<0.0025,-9999,1.02,0.54,-9999,6.1,2.6,-9999,1,59304.1477367115100000,0.0000000000000060,59304.1476502246,0.0000000010,0.001254,0.000045,47.5,3.5,-119.2,8.8,578.4,428.0,497.6,497640.634,492355,47.278,2.99
FRB20210426B,-9999,FRB20210323C,122.07,0.38,0.11,-9999,-9999,-9999,-9999,72.35,0.14,0.39,-9999,-9999,-9999,-9999,142.57,31.55,135,78,-9999,108,60,-9999,12.49,292.8,31.8,3.6,53.5,6.0,31.13,288.92,-9999,238.4,-9999,243.6,-9999,0.00786,<0.010,-9999,1.6,1.1,-9999,7.6,3.1,-9999,0,59330.09183485180000,0.00000000000025,59330.0917482149,0.0000000010,0.0050,0.0018,-8.2,8.6,15,11,800.2,613.2,800.2,1872864.206,1866568,45.49,2.99
FRB20210426B,-9999,FRB20210323C,122.07,0.38,0.11,-9999,-9999,-9999,-9999,72.35,0.14,0.39,-9999,-9999,-9999,-9999,142.57,31.55,135,78,-9999,108,60,-9999,12.49,292.8,31.8,3.6,53.5,6.0,31.13,288.92,-9999,238.4,-9999,243.6,-9999,0.00786,<0.010,-9999,1.6,1.1,-9999,7.6,3.1,-9999,1,59330.091836019630000,0.000000000000036,59330.0917493827,0.0000000010,0.00500,0.00025,74.6,7.9,-155,16,564.2,447.6,502.5,1872864.206,1866568,45.49,2.99
